state,period,inc_anymajorprotest_th0_h6,pred_prob
AK,202010,0.0,0.37050320683157295
AK,202011,0.0,0.3991536629900632
AK,202012,0.0,0.4108281653261657
AK,202101,1.0,0.4847693647589403
AK,202102,1.0,0.4880328060102768
AK,202103,1.0,0.5162741860981838
AK,202104,1.0,0.5609603727643095
AK,202105,1.0,0.5195156668281666
AK,202106,1.0,0.5191544928589987
AK,202107,1.0,0.5637592921563372
AK,202108,1.0,0.8211709636558888
AK,202109,1.0,0.7941573560176839
AK,202110,1.0,0.7539553348563804
AK,202111,1.0,0.8303192465700516
AK,202112,1.0,0.7563013212706516
AK,202201,1.0,0.8468572074247003
AK,202202,1.0,0.8832030434260829
AK,202203,1.0,0.8834190792454477
AK,202204,1.0,0.8631737111290977
AK,202205,1.0,0.8292966174451064
AK,202206,1.0,0.8652940841348316
AK,202207,1.0,0.8711058691798754
AK,202208,1.0,0.8579583783963294
AK,202209,1.0,0.7301163162023943
AK,202210,1.0,0.738550462224559
AK,202211,1.0,0.7387753780020211
AK,202212,1.0,0.6065699175242267
AK,202301,1.0,0.7503283369578756
AK,202302,1.0,0.8679482402660526
AK,202303,1.0,0.8653548331118448
AK,202304,1.0,0.8737934594129064
AK,202305,1.0,0.853559014935402
AK,202306,1.0,0.8113258090949758
AK,202307,1.0,0.7501364458348079
AK,202308,1.0,0.6741003663357461
AK,202309,1.0,0.7366176389607715
AK,202310,1.0,0.7408549901460074
AK,202311,1.0,0.7145766678472478
AK,202312,1.0,0.678080733408645
AK,202401,1.0,0.6636577215000645
AK,202402,1.0,0.6446251402309315
AK,202403,1.0,0.6785069378699309
AK,202404,1.0,0.7146472439098197
AK,202405,1.0,0.6297556480333184
AK,202406,1.0,0.6623226993854872
AK,202407,1.0,0.6128701696157939
AK,202408,1.0,0.6218711244702445
AK,202409,1.0,0.6651817462360533
AL,202010,1.0,0.6637863312817822
AL,202011,1.0,0.7627109215206598
AL,202012,1.0,0.7908669864443766
AL,202101,1.0,0.7786320674976078
AL,202102,1.0,0.7848233877906486
AL,202103,1.0,0.7922141800920771
AL,202104,1.0,0.7899895938547185
AL,202105,1.0,0.7537483063665593
AL,202106,1.0,0.7239498014524044
AL,202107,1.0,0.8565034177255807
AL,202108,1.0,0.902733840486023
AL,202109,1.0,0.900412886820011
AL,202110,1.0,0.9165195135770834
AL,202111,1.0,0.8745121161568565
AL,202112,1.0,0.8566926060983971
AL,202201,1.0,0.8641761906058246
AL,202202,1.0,0.8489872741347932
AL,202203,1.0,0.8189989175017682
AL,202204,1.0,0.7904827437561062
AL,202205,1.0,0.787865181690089
AL,202206,1.0,0.8003946223241094
AL,202207,1.0,0.8586253383026287
AL,202208,1.0,0.8727568437205355
AL,202209,1.0,0.8551243558828915
AL,202210,1.0,0.8242244004618949
AL,202211,1.0,0.7587857545741242
AL,202212,1.0,0.6958744902059607
AL,202301,1.0,0.7436144400689961
AL,202302,1.0,0.8447855998978647
AL,202303,1.0,0.837962757178898
AL,202304,1.0,0.8177800478576128
AL,202305,1.0,0.7441650280497916
AL,202306,1.0,0.7095934385452911
AL,202307,1.0,0.7372953346444763
AL,202308,1.0,0.6891341633369363
AL,202309,1.0,0.7245411070881868
AL,202310,1.0,0.746715904541509
AL,202311,1.0,0.7062634324182193
AL,202312,1.0,0.6394084915206659
AL,202401,1.0,0.6438539348522965
AL,202402,1.0,0.6574707080661826
AL,202403,0.0,0.6723864665674543
AL,202404,0.0,0.6244002841531596
AL,202405,0.0,0.6052631787825107
AL,202406,0.0,0.5817772941243716
AL,202407,1.0,0.5635277481160834
AL,202408,1.0,0.5538420042650677
AL,202409,1.0,0.5501018788807944
AR,202010,1.0,0.5920711624253804
AR,202011,1.0,0.6639601108355965
AR,202012,1.0,0.6489848815560724
AR,202101,1.0,0.6920529933065357
AR,202102,1.0,0.6850744275755523
AR,202103,1.0,0.757054357371341
AR,202104,1.0,0.793870297785633
AR,202105,1.0,0.8196271396549997
AR,202106,1.0,0.7603349323044116
AR,202107,1.0,0.8403516713002884
AR,202108,1.0,0.9203464261811728
AR,202109,1.0,0.9104864278123915
AR,202110,0.0,0.9092030338933346
AR,202111,1.0,0.8971866271306742
AR,202112,1.0,0.8902480225820351
AR,202201,1.0,0.8743598669521908
AR,202202,1.0,0.846388932079227
AR,202203,1.0,0.7999438955493571
AR,202204,1.0,0.7980537751368815
AR,202205,1.0,0.824425652110448
AR,202206,1.0,0.9021764093625925
AR,202207,1.0,0.9057080888838713
AR,202208,1.0,0.8962841755252003
AR,202209,1.0,0.8132177207918005
AR,202210,1.0,0.7971478061510099
AR,202211,1.0,0.7848740392706601
AR,202212,1.0,0.7804338110332512
AR,202301,1.0,0.7713544816268493
AR,202302,1.0,0.8841792253310552
AR,202303,1.0,0.9026930190415147
AR,202304,1.0,0.9004147297132554
AR,202305,0.0,0.8787043890208559
AR,202306,1.0,0.8497784428860377
AR,202307,1.0,0.8058289813703682
AR,202308,1.0,0.7809638732498457
AR,202309,1.0,0.7603393969359992
AR,202310,1.0,0.7398436656758158
AR,202311,1.0,0.7238398243039867
AR,202312,1.0,0.7517027735156006
AR,202401,1.0,0.7490434179580894
AR,202402,1.0,0.7421890277841072
AR,202403,0.0,0.7014623560444018
AR,202404,0.0,0.7294681835793223
AR,202405,0.0,0.7214177650481818
AR,202406,0.0,0.6886350696328745
AR,202407,1.0,0.6738327293676469
AR,202408,1.0,0.6815482392447824
AR,202409,1.0,0.6799807365646189
AZ,202010,1.0,0.6321748995885763
AZ,202011,1.0,0.6947756121527044
AZ,202012,1.0,0.7086732312403192
AZ,202101,1.0,0.7504907433985387
AZ,202102,1.0,0.747637859067958
AZ,202103,1.0,0.8251616923900243
AZ,202104,1.0,0.8650290104124397
AZ,202105,1.0,0.8553670741215267
AZ,202106,1.0,0.8874673467601233
AZ,202107,1.0,0.8783281463198989
AZ,202108,1.0,0.8848545057000594
AZ,202109,1.0,0.8963983204982529
AZ,202110,1.0,0.9166388356144577
AZ,202111,1.0,0.89488056843448
AZ,202112,1.0,0.8643512831016689
AZ,202201,1.0,0.8523403179761142
AZ,202202,1.0,0.8451158290033017
AZ,202203,1.0,0.7921548246774657
AZ,202204,1.0,0.7165749915366726
AZ,202205,1.0,0.728549218140342
AZ,202206,1.0,0.7657294538479364
AZ,202207,1.0,0.7250426521286114
AZ,202208,1.0,0.6937204273947981
AZ,202209,1.0,0.6615305500140402
AZ,202210,1.0,0.763466017755716
AZ,202211,1.0,0.7276661410572051
AZ,202212,1.0,0.6944042308661521
AZ,202301,1.0,0.7481157228013354
AZ,202302,1.0,0.7548797417294913
AZ,202303,1.0,0.7566749220782907
AZ,202304,1.0,0.7878351787620151
AZ,202305,1.0,0.7746327065973209
AZ,202306,1.0,0.7635169042896002
AZ,202307,1.0,0.7699846688996049
AZ,202308,1.0,0.789174817317664
AZ,202309,1.0,0.7673779094856807
AZ,202310,1.0,0.7731220381500102
AZ,202311,1.0,0.7768139104968974
AZ,202312,1.0,0.7379189908143133
AZ,202401,1.0,0.7925052525397384
AZ,202402,1.0,0.7563245287518241
AZ,202403,1.0,0.7793838998241986
AZ,202404,1.0,0.7640444723951131
AZ,202405,1.0,0.769294287385538
AZ,202406,1.0,0.753540129476061
AZ,202407,1.0,0.7605194633320812
AZ,202408,1.0,0.7774531679236357
AZ,202409,1.0,0.7856643187788187
CA,202010,1.0,0.7877363337000394
CA,202011,1.0,0.8017515435233135
CA,202012,1.0,0.8122886134894286
CA,202101,1.0,0.8126068927711225
CA,202102,1.0,0.8114660633084577
CA,202103,1.0,0.8134208955021429
CA,202104,1.0,0.8125757870877802
CA,202105,1.0,0.8030851529835796
CA,202106,1.0,0.8117525834046151
CA,202107,1.0,0.8022471559772765
CA,202108,1.0,0.8157229129639398
CA,202109,1.0,0.854645075332477
CA,202110,1.0,0.8487268755644662
CA,202111,1.0,0.8427524359954436
CA,202112,1.0,0.8355157269606666
CA,202201,1.0,0.8375111981171901
CA,202202,1.0,0.8128893821949164
CA,202203,1.0,0.7968783383246086
CA,202204,1.0,0.7864720686617074
CA,202205,1.0,0.7816615035137306
CA,202206,1.0,0.8217335920598289
CA,202207,1.0,0.8284947559141632
CA,202208,1.0,0.8011413378466687
CA,202209,1.0,0.8149985946645445
CA,202210,1.0,0.8218869874462394
CA,202211,1.0,0.8158130822463231
CA,202212,1.0,0.8058193059912768
CA,202301,1.0,0.8229722250938749
CA,202302,1.0,0.8270948931901358
CA,202303,1.0,0.8021649979629405
CA,202304,1.0,0.7858712058891649
CA,202305,1.0,0.7708372336093688
CA,202306,1.0,0.7977248732402871
CA,202307,1.0,0.7799152797053296
CA,202308,1.0,0.7631768982345397
CA,202309,1.0,0.7465244883177271
CA,202310,0.0,0.6772956818382138
CA,202311,0.0,0.663217976837731
CA,202312,0.0,0.6661466910279737
CA,202401,0.0,0.7050817200822759
CA,202402,0.0,0.6674676460301109
CA,202403,0.0,0.6632221877723284
CA,202404,0.0,0.6429381060660766
CA,202405,0.0,0.6265970647672808
CA,202406,0.0,0.6550710537348811
CA,202407,1.0,0.7152122559689664
CA,202408,1.0,0.7044177857949647
CA,202409,1.0,0.723133879921218
CO,202010,0.0,0.4341182333490876
CO,202011,0.0,0.5236365623382385
CO,202012,0.0,0.4726463698944311
CO,202101,0.0,0.4537413027125629
CO,202102,1.0,0.49279663820164965
CO,202103,1.0,0.5148156882244672
CO,202104,1.0,0.5665699006339475
CO,202105,1.0,0.65462568053656
CO,202106,1.0,0.7727617469600581
CO,202107,1.0,0.8054256182353774
CO,202108,1.0,0.768824789375672
CO,202109,1.0,0.7767878404463557
CO,202110,1.0,0.7454018636193264
CO,202111,1.0,0.7450728010331333
CO,202112,1.0,0.7387438631097689
CO,202201,0.0,0.7648855607445476
CO,202202,0.0,0.6855425124456097
CO,202203,0.0,0.7012365411715887
CO,202204,0.0,0.6594860025753032
CO,202205,0.0,0.7105856604185674
CO,202206,0.0,0.7298983330861365
CO,202207,0.0,0.7356680906967413
CO,202208,0.0,0.6781200323929264
CO,202209,0.0,0.611703026416068
CO,202210,0.0,0.6171049801555835
CO,202211,0.0,0.5477217674486736
CO,202212,0.0,0.6210140200897151
CO,202301,0.0,0.7262078859662938
CO,202302,0.0,0.7051512812133081
CO,202303,0.0,0.6461521916526989
CO,202304,0.0,0.6727862406583256
CO,202305,0.0,0.5995081670563018
CO,202306,0.0,0.6566847273082407
CO,202307,0.0,0.5641748795427388
CO,202308,0.0,0.5503497986576547
CO,202309,0.0,0.6273275488740403
CO,202310,0.0,0.6137253648554927
CO,202311,0.0,0.5962359501228961
CO,202312,0.0,0.5567527496843704
CO,202401,0.0,0.5837027265247471
CO,202402,0.0,0.4853489160305322
CO,202403,0.0,0.5604790019579015
CO,202404,0.0,0.5365849742833148
CO,202405,0.0,0.6117004324770076
CO,202406,0.0,0.6415337480120334
CO,202407,0.0,0.5272489597236449
CO,202408,0.0,0.5440792045707653
CO,202409,0.0,0.5184694872145671
CT,202010,1.0,0.7295039587696904
CT,202011,1.0,0.8431146924021446
CT,202012,1.0,0.875268183843404
CT,202101,1.0,0.8728570571069647
CT,202102,1.0,0.8846367327099691
CT,202103,1.0,0.82869930010018
CT,202104,1.0,0.8913341108902171
CT,202105,1.0,0.862733756830475
CT,202106,1.0,0.8716761021851953
CT,202107,1.0,0.8252967053256114
CT,202108,1.0,0.8439547209825118
CT,202109,1.0,0.876182702999445
CT,202110,1.0,0.8614800073841767
CT,202111,1.0,0.82950655029747
CT,202112,1.0,0.7868641592484171
CT,202201,1.0,0.7586685018814591
CT,202202,1.0,0.6877576848884048
CT,202203,1.0,0.7343406607794745
CT,202204,1.0,0.7858033188709667
CT,202205,1.0,0.8091977750304062
CT,202206,1.0,0.7751338169308972
CT,202207,1.0,0.80944386497053
CT,202208,1.0,0.7704920580404274
CT,202209,1.0,0.7885371305540383
CT,202210,1.0,0.791412329246172
CT,202211,1.0,0.7044552251694577
CT,202212,1.0,0.7752789675177487
CT,202301,1.0,0.7905362172617832
CT,202302,1.0,0.8158209618705922
CT,202303,1.0,0.8335585235203855
CT,202304,1.0,0.7645467283224986
CT,202305,0.0,0.8196717643498885
CT,202306,1.0,0.7592567757324634
CT,202307,1.0,0.7233993336876969
CT,202308,1.0,0.6533635843040579
CT,202309,1.0,0.6046845417463262
CT,202310,1.0,0.5682520381499709
CT,202311,1.0,0.689881747467746
CT,202312,1.0,0.7349461419404425
CT,202401,1.0,0.7226347185755564
CT,202402,1.0,0.7867262361741953
CT,202403,1.0,0.7109830703645648
CT,202404,0.0,0.7590767556134247
CT,202405,1.0,0.7408695087914863
CT,202406,1.0,0.7335117664362663
CT,202407,1.0,0.6192055428261591
CT,202408,1.0,0.5518622540855618
CT,202409,1.0,0.5682956895663306
DC,202010,0.0,0.3233912025673017
DC,202011,1.0,0.42147967428062993
DC,202012,1.0,0.4459379598369647
DC,202101,1.0,0.4854866349088507
DC,202102,1.0,0.5474166235899091
DC,202103,1.0,0.6526785301947787
DC,202104,1.0,0.691861871280553
DC,202105,1.0,0.8233162220228886
DC,202106,1.0,0.8577951790576097
DC,202107,1.0,0.8612948835828843
DC,202108,1.0,0.8317965299957472
DC,202109,1.0,0.7851752503233973
DC,202110,1.0,0.8207866225227086
DC,202111,1.0,0.704774975231513
DC,202112,1.0,0.8186202195113053
DC,202201,1.0,0.8069370833949782
DC,202202,1.0,0.7678124534808817
DC,202203,1.0,0.7786694510148783
DC,202204,1.0,0.7764170352634759
DC,202205,1.0,0.8235360760705701
DC,202206,1.0,0.7997289296456817
DC,202207,1.0,0.8182480897755255
DC,202208,1.0,0.7972111312755318
DC,202209,1.0,0.7897077179821301
DC,202210,1.0,0.7757089845223147
DC,202211,1.0,0.7744554806977253
DC,202212,1.0,0.7541591154344203
DC,202301,1.0,0.7984769085376101
DC,202302,1.0,0.7739381289535003
DC,202303,1.0,0.7709933210012969
DC,202304,1.0,0.7305393239760568
DC,202305,1.0,0.7631939109173916
DC,202306,1.0,0.7613833694916243
DC,202307,1.0,0.754185688987676
DC,202308,1.0,0.7659702236345113
DC,202309,1.0,0.768701098739959
DC,202310,1.0,0.7511691898647629
DC,202311,1.0,0.7485361404926566
DC,202312,1.0,0.7131558251610994
DC,202401,1.0,0.7469827861472832
DC,202402,1.0,0.746786431917778
DC,202403,1.0,0.7881447773603998
DC,202404,1.0,0.785047902245548
DC,202405,1.0,0.7350460525645333
DC,202406,1.0,0.7714580283231288
DC,202407,1.0,0.717368457502032
DC,202408,1.0,0.7102984928290597
DC,202409,1.0,0.7294989383068511
DE,202010,1.0,0.6355072290292221
DE,202011,1.0,0.7085667303130666
DE,202012,1.0,0.6915624233058305
DE,202101,1.0,0.7165633306475917
DE,202102,1.0,0.6681103275001525
DE,202103,1.0,0.7114133733576606
DE,202104,1.0,0.7033181756212834
DE,202105,1.0,0.7189794107989474
DE,202106,1.0,0.7195064686456897
DE,202107,1.0,0.7161748101314857
DE,202108,1.0,0.861139087316519
DE,202109,0.0,0.8661838823262991
DE,202110,0.0,0.8026913826290735
DE,202111,1.0,0.7618277511501726
DE,202112,1.0,0.7658204324448802
DE,202201,1.0,0.7552848185458261
DE,202202,1.0,0.7252107500782812
DE,202203,1.0,0.7307916382276554
DE,202204,1.0,0.6998018058922882
DE,202205,1.0,0.7300428792787165
DE,202206,1.0,0.7604104313823531
DE,202207,1.0,0.7365457481528438
DE,202208,1.0,0.7242009653672441
DE,202209,1.0,0.6900873762385028
DE,202210,1.0,0.7681320764848997
DE,202211,1.0,0.7416549062924251
DE,202212,1.0,0.7435579903289451
DE,202301,1.0,0.7146419340293498
DE,202302,1.0,0.7393172125685274
DE,202303,1.0,0.7605469139603686
DE,202304,1.0,0.7464793483290681
DE,202305,1.0,0.6575400223216153
DE,202306,1.0,0.7513966139327032
DE,202307,1.0,0.6917470211369487
DE,202308,1.0,0.7312913576045104
DE,202309,1.0,0.741900672263517
DE,202310,1.0,0.7246727971408445
DE,202311,1.0,0.7121690266423208
DE,202312,1.0,0.6608776439454209
DE,202401,1.0,0.652929258235635
DE,202402,1.0,0.6146835847828429
DE,202403,0.0,0.6585657361399463
DE,202404,0.0,0.6531384358596604
DE,202405,0.0,0.6231448049147137
DE,202406,0.0,0.624755489504248
DE,202407,0.0,0.6213656493045331
DE,202408,0.0,0.6273506615033161
DE,202409,0.0,0.6284191126981057
FL,202010,0.0,0.7429455611394516
FL,202011,0.0,0.7247130558428855
FL,202012,0.0,0.7353723146175298
FL,202101,1.0,0.7775963172862231
FL,202102,1.0,0.724712846821881
FL,202103,1.0,0.6937318638663864
FL,202104,1.0,0.7319749023181532
FL,202105,1.0,0.6630483703427147
FL,202106,1.0,0.7652496610733907
FL,202107,1.0,0.7975791324325228
FL,202108,1.0,0.821052683895331
FL,202109,1.0,0.8117380822771392
FL,202110,1.0,0.8219591215149267
FL,202111,1.0,0.8191751452466878
FL,202112,1.0,0.7477495879424019
FL,202201,1.0,0.7512521544454972
FL,202202,1.0,0.7651433129404991
FL,202203,1.0,0.787013445560743
FL,202204,1.0,0.7894778385753537
FL,202205,1.0,0.8307180834272114
FL,202206,1.0,0.8322694629086651
FL,202207,1.0,0.8296306605790679
FL,202208,1.0,0.7742478777714505
FL,202209,1.0,0.7402917902636839
FL,202210,1.0,0.7721473453869379
FL,202211,1.0,0.8147219285521249
FL,202212,1.0,0.8111513928043206
FL,202301,1.0,0.8215818078415894
FL,202302,1.0,0.7789775571385483
FL,202303,1.0,0.7687018975591556
FL,202304,1.0,0.7331695454104589
FL,202305,1.0,0.7465799882338605
FL,202306,0.0,0.7294440828519043
FL,202307,0.0,0.6764129828644616
FL,202308,0.0,0.6889887439388928
FL,202309,1.0,0.7022203797688346
FL,202310,1.0,0.7490816202061349
FL,202311,1.0,0.7654795217694742
FL,202312,1.0,0.7384703963575047
FL,202401,1.0,0.7261005022173918
FL,202402,1.0,0.6844234215789369
FL,202403,1.0,0.7135568421025738
FL,202404,0.0,0.7296974325518861
FL,202405,0.0,0.7040948995462882
FL,202406,0.0,0.7216375239626238
FL,202407,1.0,0.741335335320653
FL,202408,1.0,0.6994712296478497
FL,202409,1.0,0.6864940868632473
GA,202010,0.0,0.637021399425689
GA,202011,0.0,0.7131126955550314
GA,202012,0.0,0.7408214618185671
GA,202101,1.0,0.7704726703160044
GA,202102,1.0,0.7781976311887598
GA,202103,1.0,0.757679425300473
GA,202104,1.0,0.74566940851241
GA,202105,1.0,0.7563796782509113
GA,202106,1.0,0.7614886896897585
GA,202107,1.0,0.8258308078336338
GA,202108,1.0,0.7822110904105749
GA,202109,1.0,0.8156837472067126
GA,202110,1.0,0.7702081175067392
GA,202111,1.0,0.7726244774043413
GA,202112,1.0,0.6896812350124775
GA,202201,1.0,0.693651437225126
GA,202202,1.0,0.5747020962679623
GA,202203,1.0,0.6265820570979377
GA,202204,1.0,0.5785805755067548
GA,202205,1.0,0.6734853856782054
GA,202206,1.0,0.7656637322525023
GA,202207,1.0,0.7492934666268369
GA,202208,1.0,0.7272339839604115
GA,202209,1.0,0.7200307623543755
GA,202210,1.0,0.7125387948320132
GA,202211,1.0,0.6893780913867673
GA,202212,1.0,0.6730091712783394
GA,202301,1.0,0.7296095808697348
GA,202302,1.0,0.7389766601686927
GA,202303,1.0,0.7416362157853149
GA,202304,1.0,0.6784658283112699
GA,202305,1.0,0.6731186720399319
GA,202306,1.0,0.6801938228948465
GA,202307,1.0,0.6345042833760077
GA,202308,1.0,0.6358496891407812
GA,202309,1.0,0.6355403952839813
GA,202310,1.0,0.6933214631796293
GA,202311,1.0,0.7269994059343046
GA,202312,1.0,0.6659264319745647
GA,202401,1.0,0.6136650605436667
GA,202402,1.0,0.5703527400718322
GA,202403,1.0,0.6723106630232004
GA,202404,1.0,0.6257075445392577
GA,202405,1.0,0.6465086286812403
GA,202406,1.0,0.6557245628712102
GA,202407,1.0,0.6287678825685831
GA,202408,1.0,0.6385350416577765
GA,202409,1.0,0.5798289407192463
GU,202010,0.0,0.3686759254782773
GU,202011,0.0,0.3297973927767732
GU,202012,0.0,0.40375867393634934
GU,202101,0.0,0.40592451552050784
GU,202102,1.0,0.4280122717168085
GU,202103,1.0,0.3230012112621229
GU,202104,1.0,0.3152506820968824
GU,202105,1.0,0.4423798459921607
GU,202106,1.0,0.3502746947630237
GU,202107,1.0,0.35521300481788587
GU,202108,1.0,0.6363750496698991
GU,202109,1.0,0.671633865231357
GU,202110,1.0,0.6677393075024223
GU,202111,0.0,0.6696676941949353
GU,202112,0.0,0.617753760022575
GU,202201,0.0,0.5611290733765523
GU,202202,0.0,0.5331165732646407
GU,202203,0.0,0.5662236966236002
GU,202204,0.0,0.4945398288387348
GU,202205,1.0,0.48442449479731825
GU,202206,1.0,0.44538311202068653
GU,202207,1.0,0.4599362814314015
GU,202208,1.0,0.3932203504325654
GU,202209,1.0,0.455891763884747
GU,202210,1.0,0.49007159256594074
GU,202211,0.0,0.470267251533811
GU,202212,0.0,0.490815242444446
GU,202301,0.0,0.47154075830508446
GU,202302,0.0,0.3836823607117889
GU,202303,0.0,0.42308316786305045
GU,202304,0.0,0.4561648969859632
GU,202305,0.0,0.42858398087961375
GU,202306,0.0,0.4440254738734206
GU,202307,0.0,0.3877362732659186
GU,202308,0.0,0.4804205586082431
GU,202309,0.0,0.4085101134160793
GU,202310,0.0,0.3906355886338215
GU,202311,0.0,0.43038953493959053
GU,202312,0.0,0.33754338037108567
GU,202401,0.0,0.468584605727934
GU,202402,0.0,0.40301804880786984
GU,202403,0.0,0.3958581752816583
GU,202404,0.0,0.46409867335017885
GU,202405,0.0,0.41817633819501343
GU,202406,0.0,0.32248828474776015
GU,202407,0.0,0.3839406628598588
GU,202408,0.0,0.3807670817276913
GU,202409,0.0,0.3935874573139285
HI,202010,1.0,0.6286944060863201
HI,202011,1.0,0.6991915254890874
HI,202012,1.0,0.7099822568240353
HI,202101,1.0,0.8901369591302065
HI,202102,1.0,0.9191507792787118
HI,202103,1.0,0.9281272553732509
HI,202104,1.0,0.918656733704246
HI,202105,1.0,0.9162069197495143
HI,202106,1.0,0.8778272230917712
HI,202107,1.0,0.8720202725622722
HI,202108,1.0,0.8712931432127644
HI,202109,1.0,0.8575666259571652
HI,202110,1.0,0.8440614125293204
HI,202111,1.0,0.8295761436488905
HI,202112,1.0,0.7538741374290239
HI,202201,1.0,0.7086898142402501
HI,202202,1.0,0.638206077885933
HI,202203,1.0,0.5829507821183957
HI,202204,1.0,0.6507122828718097
HI,202205,1.0,0.7471619931726856
HI,202206,1.0,0.7314042332166268
HI,202207,1.0,0.7023705353922512
HI,202208,1.0,0.7562616139953221
HI,202209,1.0,0.7762272095465346
HI,202210,1.0,0.7467256838517597
HI,202211,1.0,0.7490379992503406
HI,202212,1.0,0.7003812146388233
HI,202301,1.0,0.7594217597871343
HI,202302,1.0,0.6812294496633227
HI,202303,1.0,0.7059384610815549
HI,202304,1.0,0.5969454689291328
HI,202305,1.0,0.5728491799532459
HI,202306,0.0,0.6663561003503843
HI,202307,0.0,0.545528137163653
HI,202308,0.0,0.46619922065125835
HI,202309,0.0,0.4557453580201617
HI,202310,0.0,0.3551872412776347
HI,202311,0.0,0.29907337448675214
HI,202312,0.0,0.2627411351941163
HI,202401,0.0,0.27225038917851185
HI,202402,0.0,0.26748464121135246
HI,202403,1.0,0.27980386086936354
HI,202404,1.0,0.3711847280752581
HI,202405,1.0,0.3018429088382557
HI,202406,1.0,0.27181015785834917
HI,202407,1.0,0.2434393787235794
HI,202408,1.0,0.2649396073846496
HI,202409,0.0,0.38053254069766757
IA,202010,0.0,0.5037571091771474
IA,202011,0.0,0.6173439377950306
IA,202012,0.0,0.6465339841260129
IA,202101,0.0,0.8084356032807579
IA,202102,1.0,0.7975353380335988
IA,202103,1.0,0.7862563648514123
IA,202104,1.0,0.7491246801391886
IA,202105,1.0,0.7635136347184002
IA,202106,1.0,0.8082806821396854
IA,202107,1.0,0.8876874400994903
IA,202108,1.0,0.893672588323398
IA,202109,1.0,0.911201638081121
IA,202110,1.0,0.8869683690824689
IA,202111,1.0,0.8814984576726296
IA,202112,1.0,0.8236463045052608
IA,202201,1.0,0.876940569461027
IA,202202,1.0,0.8475088314911555
IA,202203,1.0,0.8459071882595194
IA,202204,1.0,0.7495012217580915
IA,202205,1.0,0.7910262751079539
IA,202206,1.0,0.781946047558603
IA,202207,1.0,0.7803026419664737
IA,202208,1.0,0.8491969380433779
IA,202209,1.0,0.8607716476835633
IA,202210,1.0,0.864217672798433
IA,202211,1.0,0.8601684346365124
IA,202212,1.0,0.8504980307815958
IA,202301,1.0,0.8803965696865624
IA,202302,1.0,0.8465453098267808
IA,202303,0.0,0.8813228883434674
IA,202304,0.0,0.7348115324645633
IA,202305,0.0,0.7447908567170797
IA,202306,0.0,0.73623795895031
IA,202307,0.0,0.7203526782986929
IA,202308,0.0,0.6836386633793567
IA,202309,0.0,0.6435915273794677
IA,202310,0.0,0.6774701161974308
IA,202311,0.0,0.6986862123955802
IA,202312,0.0,0.630531674324408
IA,202401,0.0,0.5864991131883585
IA,202402,0.0,0.604861758255403
IA,202403,0.0,0.4267065096541739
IA,202404,0.0,0.38286717109813884
IA,202405,0.0,0.3810699347758043
IA,202406,0.0,0.48843062673290866
IA,202407,0.0,0.37972235677445637
IA,202408,0.0,0.3407032231621476
IA,202409,0.0,0.2973457717391142
ID,202010,0.0,0.6008045852548115
ID,202011,0.0,0.6739102111993731
ID,202012,1.0,0.6750766177400869
ID,202101,1.0,0.6958154045343633
ID,202102,1.0,0.6981101089001973
ID,202103,1.0,0.7008465371638769
ID,202104,1.0,0.6899747680586324
ID,202105,1.0,0.7375898437947705
ID,202106,1.0,0.7931267522595998
ID,202107,1.0,0.889292169822763
ID,202108,1.0,0.923149086441412
ID,202109,1.0,0.9211136358702927
ID,202110,1.0,0.9103006124088351
ID,202111,1.0,0.9203627573229113
ID,202112,1.0,0.9150459850580052
ID,202201,1.0,0.9139655921082707
ID,202202,1.0,0.8843681404050635
ID,202203,1.0,0.9098573791787524
ID,202204,1.0,0.8884371786936016
ID,202205,1.0,0.8954884482908642
ID,202206,1.0,0.8987169772093647
ID,202207,1.0,0.8983289658823963
ID,202208,1.0,0.9131250796857127
ID,202209,1.0,0.8987402361136799
ID,202210,1.0,0.8987273669673247
ID,202211,1.0,0.8648951363387098
ID,202212,1.0,0.7721827446697788
ID,202301,1.0,0.8787724653857945
ID,202302,1.0,0.891808126443474
ID,202303,0.0,0.8942588756381773
ID,202304,0.0,0.872154120266476
ID,202305,0.0,0.8318259139315084
ID,202306,0.0,0.8230933825009198
ID,202307,1.0,0.7641791330373399
ID,202308,1.0,0.7934988105673765
ID,202309,1.0,0.7020484933055804
ID,202310,1.0,0.6610832902982899
ID,202311,1.0,0.6374116485250363
ID,202312,1.0,0.6413697481427634
ID,202401,0.0,0.6994990715012916
ID,202402,0.0,0.6622046216894704
ID,202403,0.0,0.6645840107110393
ID,202404,0.0,0.6536304495478268
ID,202405,0.0,0.6167265298835294
ID,202406,0.0,0.6650203579162892
ID,202407,0.0,0.6097431780301374
ID,202408,0.0,0.561196602978476
ID,202409,0.0,0.5565769908114214
IL,202010,1.0,0.7886529610007006
IL,202011,1.0,0.8608373356746314
IL,202012,1.0,0.8821996347652095
IL,202101,1.0,0.8537363770639117
IL,202102,1.0,0.8454397070083587
IL,202103,1.0,0.7984827199822859
IL,202104,1.0,0.8478280207306998
IL,202105,1.0,0.8654159694298373
IL,202106,1.0,0.876395455942474
IL,202107,1.0,0.8987548987379617
IL,202108,1.0,0.846847414594461
IL,202109,1.0,0.854920613168728
IL,202110,1.0,0.8654529949235914
IL,202111,1.0,0.8678196968786807
IL,202112,1.0,0.8477468806497412
IL,202201,1.0,0.8939263872088854
IL,202202,1.0,0.8909129179086069
IL,202203,1.0,0.8732609706820326
IL,202204,1.0,0.8188113552561542
IL,202205,1.0,0.8645970825731986
IL,202206,1.0,0.8869048214023019
IL,202207,1.0,0.8859921229896035
IL,202208,1.0,0.8908424364555182
IL,202209,1.0,0.8840752431370287
IL,202210,1.0,0.8755914313936833
IL,202211,1.0,0.857351815930014
IL,202212,1.0,0.8402171813278457
IL,202301,1.0,0.8841612507233569
IL,202302,1.0,0.8842227162197602
IL,202303,1.0,0.8702189253049062
IL,202304,1.0,0.804586762163811
IL,202305,1.0,0.7868484699138425
IL,202306,1.0,0.819974613789373
IL,202307,1.0,0.871938857346082
IL,202308,1.0,0.848064808950749
IL,202309,1.0,0.8306887788146301
IL,202310,1.0,0.8029187434111923
IL,202311,1.0,0.8230070027906133
IL,202312,1.0,0.8379937562474947
IL,202401,1.0,0.8272014092083423
IL,202402,1.0,0.8344307955231258
IL,202403,1.0,0.8290498549684122
IL,202404,1.0,0.8214166440927532
IL,202405,1.0,0.775375389208599
IL,202406,1.0,0.7728973863424646
IL,202407,1.0,0.6982650966232538
IL,202408,0.0,0.7572682383662672
IL,202409,1.0,0.7522434696219154
IN,202010,1.0,0.5067287783874601
IN,202011,1.0,0.5884581535445728
IN,202012,1.0,0.5920514096779727
IN,202101,1.0,0.6484010904571513
IN,202102,1.0,0.7175829512546003
IN,202103,1.0,0.7060924601783616
IN,202104,1.0,0.8285169195694618
IN,202105,1.0,0.8875987290245042
IN,202106,1.0,0.9090776463140032
IN,202107,1.0,0.9309214177198577
IN,202108,1.0,0.9305259011508401
IN,202109,1.0,0.9436100903909128
IN,202110,1.0,0.9426325111311055
IN,202111,1.0,0.9350964318830536
IN,202112,1.0,0.9207946623816311
IN,202201,1.0,0.9236055699108627
IN,202202,1.0,0.877160646581277
IN,202203,1.0,0.8737186285816446
IN,202204,1.0,0.8821989584093797
IN,202205,1.0,0.8954404011306333
IN,202206,1.0,0.9285111994904786
IN,202207,1.0,0.9402669596401853
IN,202208,1.0,0.9292473561882448
IN,202209,1.0,0.9173732534921828
IN,202210,1.0,0.9189632912240658
IN,202211,1.0,0.9021696791894219
IN,202212,1.0,0.8583468817439234
IN,202301,1.0,0.9115305974077734
IN,202302,1.0,0.9097859062037529
IN,202303,1.0,0.9062391570181139
IN,202304,1.0,0.8908350874807113
IN,202305,1.0,0.9068998198780096
IN,202306,1.0,0.900608646358053
IN,202307,1.0,0.903638647688987
IN,202308,1.0,0.8802924016582899
IN,202309,1.0,0.886424736312035
IN,202310,1.0,0.8687494082465906
IN,202311,1.0,0.8479019198474963
IN,202312,1.0,0.753990137447923
IN,202401,1.0,0.816542479527308
IN,202402,1.0,0.8611271729353662
IN,202403,1.0,0.8649681241516938
IN,202404,0.0,0.8527309296095597
IN,202405,0.0,0.8632454227893256
IN,202406,0.0,0.8210507286734235
IN,202407,0.0,0.7382516497327185
IN,202408,0.0,0.7158075953040073
IN,202409,0.0,0.6265571177584704
KS,202010,1.0,0.6506438483586925
KS,202011,1.0,0.746621884109453
KS,202012,1.0,0.7491486130016695
KS,202101,1.0,0.7810418412230798
KS,202102,1.0,0.7608582532875738
KS,202103,1.0,0.7730479002820789
KS,202104,1.0,0.7709071812019181
KS,202105,1.0,0.772749014951537
KS,202106,1.0,0.8212703281450804
KS,202107,1.0,0.7967584760774291
KS,202108,1.0,0.8001776567733012
KS,202109,1.0,0.8391452249455159
KS,202110,1.0,0.8458482137608185
KS,202111,0.0,0.8343748130848596
KS,202112,1.0,0.8341415999586529
KS,202201,1.0,0.8145550173409568
KS,202202,1.0,0.8199557135124772
KS,202203,1.0,0.8174932687178008
KS,202204,1.0,0.7846371265027691
KS,202205,1.0,0.7531843367933277
KS,202206,1.0,0.8062632949816859
KS,202207,1.0,0.8203834059275532
KS,202208,1.0,0.8048367281915826
KS,202209,1.0,0.767057087051399
KS,202210,1.0,0.7482105160785514
KS,202211,1.0,0.7237741509204184
KS,202212,1.0,0.7166304049147637
KS,202301,1.0,0.7435607706409992
KS,202302,1.0,0.7771328587827959
KS,202303,1.0,0.8080027116625746
KS,202304,1.0,0.7726833524461613
KS,202305,1.0,0.7696673327829098
KS,202306,1.0,0.7865293285400634
KS,202307,1.0,0.7419674220968406
KS,202308,1.0,0.7088240157175051
KS,202309,1.0,0.6786023505612468
KS,202310,1.0,0.6990734318888069
KS,202311,1.0,0.6467579522231877
KS,202312,1.0,0.6267456428684649
KS,202401,1.0,0.6045334861521309
KS,202402,1.0,0.5827199856044977
KS,202403,1.0,0.6302028475365976
KS,202404,1.0,0.6206557375997863
KS,202405,1.0,0.5905677014346712
KS,202406,1.0,0.6151773744966258
KS,202407,1.0,0.6309297540609966
KS,202408,1.0,0.6037523679925267
KS,202409,1.0,0.6126804338760372
KY,202010,1.0,0.5151224596092934
KY,202011,1.0,0.6613365255981413
KY,202012,1.0,0.6447763730711012
KY,202101,1.0,0.7106735345087215
KY,202102,1.0,0.7550571165833052
KY,202103,1.0,0.8000584170883467
KY,202104,1.0,0.8519524457228297
KY,202105,1.0,0.8805201453407671
KY,202106,1.0,0.8790181009156632
KY,202107,1.0,0.878987929254849
KY,202108,1.0,0.8295013073015641
KY,202109,1.0,0.7812531107884777
KY,202110,1.0,0.7782908615712233
KY,202111,1.0,0.7748560312744806
KY,202112,1.0,0.7710712776852376
KY,202201,1.0,0.7582768484331491
KY,202202,1.0,0.7796443250098858
KY,202203,1.0,0.7629955874343324
KY,202204,1.0,0.6900832301070414
KY,202205,1.0,0.7776506424900024
KY,202206,1.0,0.7967560890453043
KY,202207,1.0,0.8188377604612413
KY,202208,1.0,0.7695108175814385
KY,202209,1.0,0.771632576545333
KY,202210,1.0,0.8027588935080655
KY,202211,1.0,0.6605117773756964
KY,202212,1.0,0.5990880493018088
KY,202301,1.0,0.5724258661857656
KY,202302,1.0,0.7464081917457053
KY,202303,1.0,0.8073300565886175
KY,202304,1.0,0.7851932335446743
KY,202305,1.0,0.8055614595785688
KY,202306,1.0,0.76469173332894
KY,202307,1.0,0.6878077647965487
KY,202308,1.0,0.5893559891222466
KY,202309,1.0,0.5529017926527381
KY,202310,1.0,0.5938680379485555
KY,202311,1.0,0.6075822199538305
KY,202312,1.0,0.5616881935705585
KY,202401,1.0,0.5035727665943608
KY,202402,0.0,0.6554597426004257
KY,202403,0.0,0.6016643814067236
KY,202404,0.0,0.514384729954354
KY,202405,0.0,0.38120582481511656
KY,202406,0.0,0.4036376188636575
KY,202407,0.0,0.3764660655585892
KY,202408,0.0,0.42971620897820123
KY,202409,1.0,0.43323041611661767
LA,202010,1.0,0.5893998334438378
LA,202011,1.0,0.7082678883192877
LA,202012,1.0,0.7318369193912909
LA,202101,1.0,0.720349481430418
LA,202102,1.0,0.7424053639464993
LA,202103,1.0,0.7488782361470863
LA,202104,1.0,0.7436683209866244
LA,202105,1.0,0.7875361474785518
LA,202106,1.0,0.8022462634098757
LA,202107,1.0,0.7922534209818203
LA,202108,1.0,0.879044425252233
LA,202109,1.0,0.9169017724558564
LA,202110,1.0,0.9199689230515306
LA,202111,1.0,0.8906282633969306
LA,202112,1.0,0.8838994498600798
LA,202201,1.0,0.8610368785956567
LA,202202,1.0,0.8665583449659107
LA,202203,1.0,0.9095913899211735
LA,202204,1.0,0.8983094661393993
LA,202205,1.0,0.8960679574327572
LA,202206,1.0,0.9277350980419103
LA,202207,1.0,0.891453060230168
LA,202208,1.0,0.9165945257789382
LA,202209,1.0,0.8483731818489666
LA,202210,1.0,0.8119725498851338
LA,202211,1.0,0.8364273291775778
LA,202212,1.0,0.8573332436657576
LA,202301,1.0,0.8435624808835525
LA,202302,1.0,0.813753117429663
LA,202303,1.0,0.8760870449963635
LA,202304,1.0,0.8663378077393444
LA,202305,1.0,0.8769464659684791
LA,202306,1.0,0.8685455868189904
LA,202307,1.0,0.8599377252566114
LA,202308,1.0,0.8205562291905022
LA,202309,1.0,0.7752047276885311
LA,202310,1.0,0.8120121782874433
LA,202311,1.0,0.7143895817531393
LA,202312,1.0,0.810822196840914
LA,202401,1.0,0.8000189679946833
LA,202402,1.0,0.7182156503831207
LA,202403,1.0,0.6324108902632474
LA,202404,1.0,0.6183319937422151
LA,202405,1.0,0.6134676657182621
LA,202406,1.0,0.660745018708943
LA,202407,1.0,0.5856546315446155
LA,202408,1.0,0.6713598580919502
LA,202409,1.0,0.614153002640417
MA,202010,1.0,0.7623106417702605
MA,202011,1.0,0.8026816488725911
MA,202012,1.0,0.8209699260666645
MA,202101,1.0,0.8396952345184875
MA,202102,1.0,0.8571668824998591
MA,202103,1.0,0.8047166005830736
MA,202104,1.0,0.8331428666963475
MA,202105,1.0,0.8415134887765116
MA,202106,1.0,0.8275866084873671
MA,202107,1.0,0.8150670703486922
MA,202108,1.0,0.8160649171333044
MA,202109,1.0,0.8079235060489397
MA,202110,1.0,0.8323197800995787
MA,202111,1.0,0.8543998030375017
MA,202112,1.0,0.8632147340800885
MA,202201,1.0,0.8150082619416611
MA,202202,1.0,0.8430823906184071
MA,202203,1.0,0.8464188991701148
MA,202204,1.0,0.8212934443998864
MA,202205,1.0,0.8474873892249097
MA,202206,1.0,0.811119841114545
MA,202207,1.0,0.8083391728551564
MA,202208,1.0,0.8369592056004005
MA,202209,1.0,0.7884463546672161
MA,202210,1.0,0.8091958051386944
MA,202211,1.0,0.755265295045564
MA,202212,1.0,0.7469530807569051
MA,202301,0.0,0.7813776881064378
MA,202302,0.0,0.7465319522619209
MA,202303,0.0,0.7647502389002854
MA,202304,0.0,0.6599236150612267
MA,202305,0.0,0.6904223713477333
MA,202306,0.0,0.6944944600091987
MA,202307,0.0,0.6831340324113667
MA,202308,0.0,0.7061539113641327
MA,202309,1.0,0.7464077721789123
MA,202310,1.0,0.7530569309004913
MA,202311,1.0,0.7568555206385865
MA,202312,1.0,0.7522246325173141
MA,202401,1.0,0.7685756308047016
MA,202402,1.0,0.7249411348760101
MA,202403,1.0,0.7802053945970642
MA,202404,1.0,0.7909107178827629
MA,202405,1.0,0.8120839943038795
MA,202406,1.0,0.8243878108325369
MA,202407,1.0,0.8162690966680196
MA,202408,1.0,0.8068943648160533
MA,202409,1.0,0.8032425775922573
MD,202010,1.0,0.6274440621398711
MD,202011,1.0,0.719782763216699
MD,202012,1.0,0.8092008702686921
MD,202101,1.0,0.8194818685186253
MD,202102,1.0,0.8394415752256492
MD,202103,1.0,0.829743681665715
MD,202104,1.0,0.8723505155176564
MD,202105,1.0,0.866823907169605
MD,202106,1.0,0.8682974214216388
MD,202107,1.0,0.8642720593894161
MD,202108,1.0,0.8681139829779521
MD,202109,1.0,0.8862187851365735
MD,202110,1.0,0.8830146784767959
MD,202111,1.0,0.8869344945417542
MD,202112,1.0,0.8807011306111232
MD,202201,1.0,0.8852463454231068
MD,202202,1.0,0.8765052755993682
MD,202203,1.0,0.8671642157450831
MD,202204,1.0,0.865460998079918
MD,202205,1.0,0.8785369701656625
MD,202206,1.0,0.8735932006309095
MD,202207,1.0,0.8325589114393387
MD,202208,1.0,0.8589287888649976
MD,202209,1.0,0.8127100079505136
MD,202210,1.0,0.8473296902865785
MD,202211,1.0,0.8128156726689219
MD,202212,1.0,0.7938569275353065
MD,202301,1.0,0.8512855395398214
MD,202302,1.0,0.8613159114577775
MD,202303,1.0,0.8311066897133017
MD,202304,1.0,0.7552772104084666
MD,202305,1.0,0.7412955013870618
MD,202306,1.0,0.7045159026366082
MD,202307,1.0,0.6067791875228777
MD,202308,1.0,0.5405085889770629
MD,202309,1.0,0.6020250131381111
MD,202310,0.0,0.659978774324591
MD,202311,0.0,0.654682740117132
MD,202312,1.0,0.5846392144504701
MD,202401,1.0,0.5447558978545657
MD,202402,1.0,0.5672909006762947
MD,202403,1.0,0.5557549794394787
MD,202404,1.0,0.46033100809042315
MD,202405,1.0,0.3735363226141571
MD,202406,0.0,0.5520992246098632
MD,202407,1.0,0.5533966487425128
MD,202408,1.0,0.6290554382386274
MD,202409,1.0,0.5437253206431466
ME,202010,1.0,0.6148405298747253
ME,202011,1.0,0.8159545931787479
ME,202012,1.0,0.7723943684953661
ME,202101,1.0,0.7181685801260502
ME,202102,1.0,0.7259038698545491
ME,202103,1.0,0.885627649211058
ME,202104,1.0,0.8934622136496106
ME,202105,1.0,0.8842085620022746
ME,202106,1.0,0.8969926705528755
ME,202107,1.0,0.9118442070918715
ME,202108,1.0,0.9360083639330553
ME,202109,1.0,0.9329755307519204
ME,202110,1.0,0.9240088146158169
ME,202111,1.0,0.9216488336305677
ME,202112,1.0,0.8935397179679531
ME,202201,1.0,0.8655456259631619
ME,202202,1.0,0.8634035218775559
ME,202203,1.0,0.8609719029325384
ME,202204,1.0,0.8599442460211649
ME,202205,1.0,0.8657411030611805
ME,202206,1.0,0.8593561299771559
ME,202207,1.0,0.8458918906327177
ME,202208,1.0,0.8507910455793113
ME,202209,1.0,0.8342446266974431
ME,202210,1.0,0.8372941603432015
ME,202211,1.0,0.8256953113752457
ME,202212,1.0,0.8430926081461112
ME,202301,1.0,0.8525213422080752
ME,202302,1.0,0.8834620346788494
ME,202303,1.0,0.8490946946334726
ME,202304,1.0,0.8150435863793544
ME,202305,1.0,0.8122257612117548
ME,202306,0.0,0.7872318826571363
ME,202307,1.0,0.8133107846496915
ME,202308,1.0,0.7759896746386239
ME,202309,1.0,0.7150099613130239
ME,202310,1.0,0.7260565179673578
ME,202311,1.0,0.743558794696797
ME,202312,1.0,0.6334210241306816
ME,202401,1.0,0.8039274182707656
ME,202402,1.0,0.7631400199555874
ME,202403,0.0,0.7599221718602337
ME,202404,1.0,0.7855686644038821
ME,202405,1.0,0.8163215418942761
ME,202406,1.0,0.8151721264148128
ME,202407,1.0,0.724401199497384
ME,202408,1.0,0.6623632279172409
ME,202409,1.0,0.6424287254159661
MI,202010,0.0,0.6590010587319088
MI,202011,0.0,0.7363127173415558
MI,202012,0.0,0.8077609103619514
MI,202101,1.0,0.7826878098760157
MI,202102,1.0,0.8481391480721097
MI,202103,1.0,0.8459326489579108
MI,202104,1.0,0.870987069141711
MI,202105,1.0,0.8415765387914511
MI,202106,1.0,0.8619561303354335
MI,202107,1.0,0.8959755662033857
MI,202108,1.0,0.9055834549250499
MI,202109,1.0,0.9001465950315363
MI,202110,1.0,0.8764955269955518
MI,202111,1.0,0.8678896119211799
MI,202112,1.0,0.8217025148857218
MI,202201,1.0,0.8095709341102867
MI,202202,1.0,0.7916352722553437
MI,202203,1.0,0.7303860610389046
MI,202204,1.0,0.7653149615706337
MI,202205,1.0,0.8400294132662468
MI,202206,1.0,0.8335160108589164
MI,202207,1.0,0.8517498097280936
MI,202208,1.0,0.819679864539763
MI,202209,1.0,0.8040145968786929
MI,202210,1.0,0.8246770966057001
MI,202211,1.0,0.7789713265811572
MI,202212,1.0,0.7254673901653692
MI,202301,1.0,0.7785473816597305
MI,202302,1.0,0.8590830303438821
MI,202303,1.0,0.8123991306051515
MI,202304,1.0,0.813496964328413
MI,202305,1.0,0.7725844039798219
MI,202306,1.0,0.6992969960776125
MI,202307,1.0,0.7402893869182858
MI,202308,1.0,0.7227112977120029
MI,202309,1.0,0.7660911769915473
MI,202310,1.0,0.7717845962714516
MI,202311,1.0,0.7816771077051361
MI,202312,1.0,0.7094842700513836
MI,202401,1.0,0.7406882425310418
MI,202402,1.0,0.6493414449453018
MI,202403,0.0,0.6680300585174457
MI,202404,0.0,0.6835476085104628
MI,202405,0.0,0.6666454898081728
MI,202406,0.0,0.710797866056636
MI,202407,1.0,0.7565832578867558
MI,202408,1.0,0.7242073295049676
MI,202409,1.0,0.7110152914883291
MN,202010,0.0,0.5910299087576663
MN,202011,1.0,0.7411160074898491
MN,202012,1.0,0.7473166689630982
MN,202101,1.0,0.7264549069306425
MN,202102,1.0,0.6972479860641032
MN,202103,1.0,0.7412231736197448
MN,202104,1.0,0.7190202179151073
MN,202105,1.0,0.859570156008438
MN,202106,1.0,0.8588624790793155
MN,202107,1.0,0.8687087939873561
MN,202108,1.0,0.8975775305774782
MN,202109,1.0,0.9163773546803563
MN,202110,1.0,0.9307570098829845
MN,202111,1.0,0.9336681646118657
MN,202112,1.0,0.9098507230273991
MN,202201,1.0,0.9296271090678354
MN,202202,1.0,0.9100297605908152
MN,202203,1.0,0.8866118314014492
MN,202204,1.0,0.7773291628164839
MN,202205,1.0,0.8358658238280333
MN,202206,1.0,0.8326460511982079
MN,202207,1.0,0.823607789416759
MN,202208,1.0,0.8547613482806756
MN,202209,1.0,0.8715722655404519
MN,202210,1.0,0.8830635883478467
MN,202211,1.0,0.8297505806166637
MN,202212,1.0,0.7933878423798761
MN,202301,1.0,0.7513947097708983
MN,202302,1.0,0.8469438250557506
MN,202303,0.0,0.840461662026508
MN,202304,1.0,0.806375233747622
MN,202305,1.0,0.8253055258959896
MN,202306,1.0,0.7410822706914709
MN,202307,1.0,0.6569994184274539
MN,202308,1.0,0.6174607208916978
MN,202309,1.0,0.613665942479502
MN,202310,1.0,0.7503371936988539
MN,202311,1.0,0.7262553242988828
MN,202312,1.0,0.7293850983773751
MN,202401,1.0,0.790521892149146
MN,202402,1.0,0.7024712385201767
MN,202403,1.0,0.7377459078464854
MN,202404,1.0,0.7585117474797832
MN,202405,1.0,0.698480517529261
MN,202406,1.0,0.7464395633890452
MN,202407,1.0,0.7482505515468136
MN,202408,1.0,0.7003996428907857
MN,202409,1.0,0.7356982057773575
MO,202010,0.0,0.6069400518181494
MO,202011,1.0,0.7141751149818961
MO,202012,1.0,0.6632528064338036
MO,202101,1.0,0.7551250701669059
MO,202102,1.0,0.7606987001213402
MO,202103,1.0,0.7641837833485109
MO,202104,1.0,0.8038316315925234
MO,202105,1.0,0.8987888947882425
MO,202106,1.0,0.8982636448592218
MO,202107,1.0,0.8889511401141461
MO,202108,1.0,0.9114333772588435
MO,202109,1.0,0.9372182976472184
MO,202110,1.0,0.8822266823295188
MO,202111,1.0,0.8555767795940895
MO,202112,1.0,0.7795672902761628
MO,202201,1.0,0.8143283227224274
MO,202202,1.0,0.7432951002194252
MO,202203,1.0,0.7090020809866919
MO,202204,1.0,0.7390244515249751
MO,202205,1.0,0.8110600054231223
MO,202206,1.0,0.7784034567647928
MO,202207,1.0,0.8088157129886155
MO,202208,1.0,0.7331357809999965
MO,202209,1.0,0.7594718355254451
MO,202210,1.0,0.7554757907485409
MO,202211,1.0,0.6569406657626403
MO,202212,1.0,0.6540336047478362
MO,202301,1.0,0.7879945586698898
MO,202302,1.0,0.722300785792228
MO,202303,1.0,0.8070313335322525
MO,202304,1.0,0.8023028790131436
MO,202305,0.0,0.7733776845291324
MO,202306,0.0,0.7322774308795301
MO,202307,0.0,0.7304757764926165
MO,202308,1.0,0.6667169566981408
MO,202309,1.0,0.6530795875416051
MO,202310,1.0,0.719017945625512
MO,202311,1.0,0.6470830211217035
MO,202312,1.0,0.6232390177683729
MO,202401,1.0,0.5960203948490249
MO,202402,1.0,0.7243389411383484
MO,202403,1.0,0.7408824800769803
MO,202404,1.0,0.760611736488694
MO,202405,1.0,0.7244853744089663
MO,202406,1.0,0.7552231590846985
MO,202407,1.0,0.7271003021274486
MO,202408,1.0,0.6978564676261445
MO,202409,1.0,0.6786172589696998
MS,202010,1.0,0.6697708501486711
MS,202011,1.0,0.7312808686697962
MS,202012,1.0,0.7199328542016141
MS,202101,1.0,0.7756970330609408
MS,202102,1.0,0.7575984760874114
MS,202103,1.0,0.761660351658409
MS,202104,1.0,0.7531263145318678
MS,202105,1.0,0.7846778097067236
MS,202106,1.0,0.7850944769044149
MS,202107,1.0,0.7659969310836368
MS,202108,1.0,0.7429784022615642
MS,202109,1.0,0.848726719516023
MS,202110,1.0,0.8147594701287746
MS,202111,1.0,0.8110117413843131
MS,202112,1.0,0.8023740617613404
MS,202201,1.0,0.7694505776160879
MS,202202,1.0,0.6599130371529013
MS,202203,1.0,0.624981960930527
MS,202204,1.0,0.587473901210269
MS,202205,1.0,0.6094908519090474
MS,202206,1.0,0.650962378628146
MS,202207,1.0,0.6318074982959336
MS,202208,1.0,0.6034385179432576
MS,202209,1.0,0.43881098752998066
MS,202210,1.0,0.3343764089739744
MS,202211,1.0,0.3049755591656994
MS,202212,1.0,0.26430766900437414
MS,202301,1.0,0.3180511495892164
MS,202302,1.0,0.45590532492238894
MS,202303,1.0,0.4190172273398563
MS,202304,1.0,0.36044074668042214
MS,202305,1.0,0.3688497232380003
MS,202306,1.0,0.7138352204124047
MS,202307,1.0,0.6221267974187105
MS,202308,1.0,0.5567789536322011
MS,202309,1.0,0.5786985188983415
MS,202310,1.0,0.47181314180096334
MS,202311,1.0,0.4389832702251637
MS,202312,1.0,0.3926677136014804
MS,202401,1.0,0.36053904760201855
MS,202402,1.0,0.3037645932812438
MS,202403,1.0,0.3852047305020499
MS,202404,0.0,0.5323258936076225
MS,202405,0.0,0.4398943050937059
MS,202406,0.0,0.3796791306986707
MS,202407,0.0,0.32919354022469993
MS,202408,0.0,0.30961375665533725
MS,202409,1.0,0.2916315799898891
MT,202010,1.0,0.6708280380578425
MT,202011,1.0,0.7563795251242614
MT,202012,1.0,0.8932321821769343
MT,202101,1.0,0.8884102671839769
MT,202102,1.0,0.8548593667010895
MT,202103,1.0,0.8172289032853238
MT,202104,1.0,0.8221319341267757
MT,202105,1.0,0.8053772268724728
MT,202106,1.0,0.8352641253890027
MT,202107,1.0,0.860633604671692
MT,202108,1.0,0.8608828615354053
MT,202109,1.0,0.8475371052108903
MT,202110,1.0,0.8889028494579488
MT,202111,1.0,0.8985995170145478
MT,202112,1.0,0.8730324237364137
MT,202201,1.0,0.82900209075019
MT,202202,1.0,0.8321607498814235
MT,202203,1.0,0.7940905073400844
MT,202204,1.0,0.792253955904947
MT,202205,1.0,0.8155721799717729
MT,202206,1.0,0.8307006032691621
MT,202207,1.0,0.8324576664955241
MT,202208,1.0,0.8087698917681909
MT,202209,1.0,0.7879407993292047
MT,202210,1.0,0.7990170536963699
MT,202211,1.0,0.7690071019453926
MT,202212,1.0,0.7271442121920105
MT,202301,1.0,0.7690385469696049
MT,202302,1.0,0.7704053110657327
MT,202303,1.0,0.7624281183584547
MT,202304,1.0,0.8210457913549944
MT,202305,1.0,0.8115584960186955
MT,202306,1.0,0.7975955398536204
MT,202307,1.0,0.7320635817028116
MT,202308,1.0,0.7013611119049693
MT,202309,0.0,0.7551399062163803
MT,202310,0.0,0.7338724626459355
MT,202311,0.0,0.6556237801697687
MT,202312,0.0,0.6226317129607382
MT,202401,0.0,0.6013421542973485
MT,202402,0.0,0.5498876652599806
MT,202403,0.0,0.5357929251175783
MT,202404,0.0,0.5150111290617332
MT,202405,0.0,0.5641994985225718
MT,202406,0.0,0.5112425742269219
MT,202407,0.0,0.5279041952370999
MT,202408,0.0,0.5106709508817873
MT,202409,1.0,0.5131534529880744
NC,202010,1.0,0.6628793521355312
NC,202011,1.0,0.7940544273638562
NC,202012,1.0,0.8455135092875892
NC,202101,1.0,0.8122653679036518
NC,202102,1.0,0.883772782414136
NC,202103,1.0,0.8498861430806663
NC,202104,1.0,0.8727911954170982
NC,202105,1.0,0.8535437127073228
NC,202106,1.0,0.8993867440047992
NC,202107,1.0,0.8918604473832953
NC,202108,1.0,0.8810594220824322
NC,202109,1.0,0.8628064648411615
NC,202110,1.0,0.8128925564932724
NC,202111,1.0,0.8359557907405687
NC,202112,1.0,0.8053648091744805
NC,202201,1.0,0.8170296216455184
NC,202202,1.0,0.8654309251841573
NC,202203,1.0,0.798379835116745
NC,202204,1.0,0.8050695869321851
NC,202205,1.0,0.8406701105249375
NC,202206,1.0,0.869486284729317
NC,202207,1.0,0.839451459388965
NC,202208,1.0,0.7626732123461173
NC,202209,1.0,0.7188965067118893
NC,202210,1.0,0.75559613749531
NC,202211,1.0,0.7138160184909573
NC,202212,1.0,0.7718985551243768
NC,202301,1.0,0.7972074567021947
NC,202302,1.0,0.7952682879672266
NC,202303,1.0,0.7316919139584985
NC,202304,1.0,0.7144987998057313
NC,202305,1.0,0.7735687219699002
NC,202306,0.0,0.7617007398016162
NC,202307,0.0,0.7047263327118672
NC,202308,0.0,0.7021187117483758
NC,202309,1.0,0.7396410444451256
NC,202310,1.0,0.6726589175114733
NC,202311,1.0,0.6939177108461732
NC,202312,1.0,0.6572051397612504
NC,202401,1.0,0.6290347626946179
NC,202402,1.0,0.5163562863771076
NC,202403,1.0,0.6614948617439218
NC,202404,0.0,0.6912889689249166
NC,202405,0.0,0.6267730364025365
NC,202406,0.0,0.6843836808080165
NC,202407,0.0,0.5666927992637271
NC,202408,0.0,0.6306209122067982
NC,202409,1.0,0.6611203412067659
ND,202010,1.0,0.5986465456801005
ND,202011,0.0,0.6855330469183714
ND,202012,0.0,0.7187026763311052
ND,202101,1.0,0.7384289974695624
ND,202102,1.0,0.7396771418814362
ND,202103,1.0,0.7312049316657699
ND,202104,1.0,0.7414654828159943
ND,202105,1.0,0.7232072234874972
ND,202106,1.0,0.7168642399177844
ND,202107,1.0,0.7697343692413466
ND,202108,1.0,0.8832645620778186
ND,202109,1.0,0.8940158609177871
ND,202110,1.0,0.8976588321645628
ND,202111,1.0,0.9092745443711866
ND,202112,1.0,0.9004698150744749
ND,202201,1.0,0.8752225340724387
ND,202202,1.0,0.8905634491343118
ND,202203,1.0,0.8724035613890123
ND,202204,1.0,0.8248619808866613
ND,202205,1.0,0.8380751696976094
ND,202206,1.0,0.8307552452564698
ND,202207,1.0,0.8474034868248869
ND,202208,1.0,0.8150806618239815
ND,202209,1.0,0.8033072323271041
ND,202210,1.0,0.8181536245637752
ND,202211,1.0,0.8025715743830315
ND,202212,1.0,0.7638439865002928
ND,202301,1.0,0.7642113958509497
ND,202302,1.0,0.7589312225698158
ND,202303,1.0,0.766468003769947
ND,202304,1.0,0.7479839659464672
ND,202305,1.0,0.7229458136581589
ND,202306,0.0,0.7128799386258976
ND,202307,0.0,0.6867541657614343
ND,202308,0.0,0.689591934226201
ND,202309,0.0,0.6589868558857342
ND,202310,0.0,0.6548244106390593
ND,202311,0.0,0.6699992876661911
ND,202312,0.0,0.6315420758478357
ND,202401,1.0,0.6723955736692411
ND,202402,1.0,0.6371112714101599
ND,202403,1.0,0.5629315205852374
ND,202404,1.0,0.6246377902919158
ND,202405,1.0,0.6167316105870835
ND,202406,1.0,0.578021578067193
ND,202407,1.0,0.6160492469856295
ND,202408,1.0,0.6560475053760997
ND,202409,1.0,0.6672959537651397
NE,202010,1.0,0.6692551215882757
NE,202011,1.0,0.77442695956458
NE,202012,1.0,0.7591155632801171
NE,202101,1.0,0.7466952897198016
NE,202102,1.0,0.7597084583115962
NE,202103,1.0,0.7861096543817243
NE,202104,1.0,0.7722304139745026
NE,202105,1.0,0.7995594997096697
NE,202106,1.0,0.7736548346630527
NE,202107,1.0,0.8874212445020029
NE,202108,1.0,0.9180224966111055
NE,202109,1.0,0.9140555756048324
NE,202110,1.0,0.9223809371161502
NE,202111,1.0,0.921925895054891
NE,202112,1.0,0.9186975449026923
NE,202201,1.0,0.9299421001491949
NE,202202,1.0,0.9152808252116421
NE,202203,1.0,0.925074263962818
NE,202204,1.0,0.9086794431022902
NE,202205,1.0,0.8961244596970414
NE,202206,1.0,0.9343986765420221
NE,202207,1.0,0.919774964409974
NE,202208,1.0,0.9248988494876638
NE,202209,1.0,0.8930610713627958
NE,202210,1.0,0.8584683396745507
NE,202211,1.0,0.84145360895463
NE,202212,1.0,0.7789314642823659
NE,202301,1.0,0.8700520262601192
NE,202302,1.0,0.8515216044633971
NE,202303,1.0,0.8634418505277184
NE,202304,1.0,0.8576923881555655
NE,202305,1.0,0.8797642220126365
NE,202306,1.0,0.8710411725811658
NE,202307,1.0,0.8369838930129879
NE,202308,1.0,0.7793853340841024
NE,202309,1.0,0.7589950209531124
NE,202310,1.0,0.8022139934666326
NE,202311,1.0,0.8638923919841391
NE,202312,1.0,0.8580616271463067
NE,202401,1.0,0.8534064606926637
NE,202402,1.0,0.8143097737235379
NE,202403,1.0,0.8247697008313399
NE,202404,1.0,0.7267749771642845
NE,202405,1.0,0.6862432823971863
NE,202406,1.0,0.6635230982174679
NE,202407,1.0,0.5896580846054413
NE,202408,1.0,0.5639554447470492
NE,202409,1.0,0.6221956547439987
NH,202010,0.0,0.6572524075448146
NH,202011,0.0,0.7377404184202803
NH,202012,0.0,0.7652350114253932
NH,202101,0.0,0.7873152129138594
NH,202102,1.0,0.7742650494674761
NH,202103,1.0,0.7516121415609095
NH,202104,1.0,0.7194905766476368
NH,202105,1.0,0.8904855355081771
NH,202106,1.0,0.8325774480668747
NH,202107,1.0,0.889898203467293
NH,202108,1.0,0.8531663795213044
NH,202109,1.0,0.8709297828292465
NH,202110,1.0,0.8813061479178715
NH,202111,1.0,0.8961121016184396
NH,202112,1.0,0.8701054757285476
NH,202201,1.0,0.8768183492028246
NH,202202,1.0,0.8967528022504965
NH,202203,1.0,0.896498617918679
NH,202204,1.0,0.9070177212645212
NH,202205,1.0,0.907909919753771
NH,202206,1.0,0.9031469123573719
NH,202207,1.0,0.8366918668898486
NH,202208,1.0,0.881087125226407
NH,202209,1.0,0.8583214061166996
NH,202210,1.0,0.8607149021431678
NH,202211,1.0,0.8789177857600053
NH,202212,1.0,0.864548743234313
NH,202301,1.0,0.8424842610853628
NH,202302,1.0,0.8813515490889009
NH,202303,1.0,0.8773849037260362
NH,202304,1.0,0.873493153318769
NH,202305,1.0,0.85110474467986
NH,202306,1.0,0.8179923228795616
NH,202307,1.0,0.828191629560934
NH,202308,1.0,0.8334729275106361
NH,202309,1.0,0.8382415903729646
NH,202310,1.0,0.8394662418682346
NH,202311,1.0,0.8590041539499511
NH,202312,1.0,0.8412873198223528
NH,202401,1.0,0.8928223459563415
NH,202402,1.0,0.8618367505275534
NH,202403,1.0,0.8717716146556311
NH,202404,1.0,0.857702462243369
NH,202405,1.0,0.8760750565685014
NH,202406,1.0,0.8776764946875566
NH,202407,1.0,0.8754232687658907
NH,202408,1.0,0.8499488619029382
NH,202409,1.0,0.8376230733656566
NJ,202010,0.0,0.581004738118073
NJ,202011,0.0,0.7022767394188282
NJ,202012,0.0,0.706073553892626
NJ,202101,0.0,0.7345833167891272
NJ,202102,1.0,0.7189617686165568
NJ,202103,1.0,0.7784111832734879
NJ,202104,1.0,0.7618168271959384
NJ,202105,1.0,0.8863914823890688
NJ,202106,1.0,0.8983602247386878
NJ,202107,1.0,0.8991650777818958
NJ,202108,1.0,0.9140102362264476
NJ,202109,1.0,0.9249466238502343
NJ,202110,1.0,0.9248360033477477
NJ,202111,1.0,0.9325807268777172
NJ,202112,1.0,0.9277053538221236
NJ,202201,1.0,0.9364487551571498
NJ,202202,1.0,0.9012940350034961
NJ,202203,1.0,0.8708043838590441
NJ,202204,1.0,0.8290552878191848
NJ,202205,1.0,0.8185922722157877
NJ,202206,1.0,0.8617195016589078
NJ,202207,1.0,0.7528650033929674
NJ,202208,1.0,0.8134091654569677
NJ,202209,1.0,0.7437160845736441
NJ,202210,1.0,0.7873711719078377
NJ,202211,1.0,0.7919352853206388
NJ,202212,1.0,0.7536331490200454
NJ,202301,1.0,0.7916320880307799
NJ,202302,1.0,0.8539136687857797
NJ,202303,1.0,0.8313734375436467
NJ,202304,1.0,0.8515733964907004
NJ,202305,1.0,0.8592297016821885
NJ,202306,1.0,0.8427316146042952
NJ,202307,1.0,0.8161821821377002
NJ,202308,1.0,0.8719309788509491
NJ,202309,1.0,0.8691693669282248
NJ,202310,1.0,0.8488287128944185
NJ,202311,1.0,0.8546473892267268
NJ,202312,1.0,0.8593636247507977
NJ,202401,1.0,0.8622446122010808
NJ,202402,1.0,0.8603076812643914
NJ,202403,1.0,0.8707267004318041
NJ,202404,1.0,0.8549113670794268
NJ,202405,1.0,0.8609076287602639
NJ,202406,1.0,0.8609825770754731
NJ,202407,1.0,0.8571081743506399
NJ,202408,1.0,0.8734628772411659
NJ,202409,1.0,0.8632438531527004
NM,202010,1.0,0.6469479362129243
NM,202011,1.0,0.7629736637944172
NM,202012,1.0,0.7845331400342349
NM,202101,1.0,0.8090041385286376
NM,202102,1.0,0.7773228216350412
NM,202103,1.0,0.8475269399843135
NM,202104,1.0,0.8544477082333196
NM,202105,1.0,0.8150585058247302
NM,202106,1.0,0.8262798412756663
NM,202107,1.0,0.7549212127193985
NM,202108,1.0,0.8044123834298044
NM,202109,1.0,0.8331317057803949
NM,202110,1.0,0.8496462701625095
NM,202111,1.0,0.839683599528111
NM,202112,1.0,0.8487776772311466
NM,202201,1.0,0.8347260916528277
NM,202202,1.0,0.8513162134374638
NM,202203,1.0,0.8453719021728554
NM,202204,1.0,0.8419441734017962
NM,202205,1.0,0.8589286919927467
NM,202206,0.0,0.8105466174464876
NM,202207,1.0,0.7448006246849077
NM,202208,1.0,0.7004423140786159
NM,202209,1.0,0.6400384861717348
NM,202210,1.0,0.5852977567516444
NM,202211,1.0,0.577149740481241
NM,202212,1.0,0.5866601136061065
NM,202301,1.0,0.719953839763984
NM,202302,1.0,0.7705915283222187
NM,202303,1.0,0.7504512127879478
NM,202304,1.0,0.6997619505169012
NM,202305,1.0,0.6891970870551932
NM,202306,1.0,0.6934461541875108
NM,202307,1.0,0.6835702890340304
NM,202308,1.0,0.6912482201187596
NM,202309,1.0,0.5959698766605593
NM,202310,1.0,0.5920257435628097
NM,202311,1.0,0.6863025330564951
NM,202312,1.0,0.5687783723118982
NM,202401,1.0,0.45887664192170213
NM,202402,1.0,0.3793149679459232
NM,202403,1.0,0.36758633957327125
NM,202404,0.0,0.49076369706943124
NM,202405,0.0,0.42146561180947595
NM,202406,0.0,0.456841969694051
NM,202407,1.0,0.37670579226348105
NM,202408,1.0,0.43057871530524067
NM,202409,1.0,0.34283169428701593
NV,202010,1.0,0.7543826299699127
NV,202011,1.0,0.7934008594913533
NV,202012,1.0,0.8286918756341786
NV,202101,1.0,0.9104010356441131
NV,202102,1.0,0.8998360469629949
NV,202103,1.0,0.9086581673229525
NV,202104,1.0,0.8953329657280757
NV,202105,1.0,0.8950300449142169
NV,202106,1.0,0.9067910221035631
NV,202107,1.0,0.8581698745365951
NV,202108,1.0,0.8726982254087219
NV,202109,1.0,0.8921108096218816
NV,202110,1.0,0.8975265445517266
NV,202111,1.0,0.9043562306279626
NV,202112,1.0,0.8860636311945833
NV,202201,1.0,0.887525242566472
NV,202202,1.0,0.8984342432195893
NV,202203,1.0,0.8827049907195662
NV,202204,1.0,0.8676575569098104
NV,202205,1.0,0.8785481091476961
NV,202206,1.0,0.9010642869078551
NV,202207,1.0,0.8768614423278714
NV,202208,1.0,0.8828104467800951
NV,202209,1.0,0.826592668840039
NV,202210,1.0,0.7916236241306126
NV,202211,1.0,0.8891287119722864
NV,202212,1.0,0.8495811825464596
NV,202301,1.0,0.8868927308532042
NV,202302,1.0,0.9108829508605915
NV,202303,1.0,0.8827208509012253
NV,202304,1.0,0.8775237911672462
NV,202305,1.0,0.8773305544047179
NV,202306,1.0,0.8286574682594202
NV,202307,1.0,0.7950468910220025
NV,202308,1.0,0.8622379867873576
NV,202309,1.0,0.825402261942526
NV,202310,0.0,0.8184931000847552
NV,202311,0.0,0.7671310309599848
NV,202312,0.0,0.7551188235077233
NV,202401,0.0,0.737605367745545
NV,202402,0.0,0.6764567774032577
NV,202403,1.0,0.7070571327797359
NV,202404,1.0,0.7389357878124584
NV,202405,1.0,0.7133680294485122
NV,202406,1.0,0.7346351794270187
NV,202407,1.0,0.6560922986849548
NV,202408,1.0,0.6632086730192215
NV,202409,1.0,0.7587631577265309
NY,202010,1.0,0.7546942510206479
NY,202011,1.0,0.7781620606585868
NY,202012,1.0,0.7794557855406596
NY,202101,1.0,0.7805263209322404
NY,202102,1.0,0.7917560364283288
NY,202103,1.0,0.8099207380925286
NY,202104,1.0,0.8085785160633091
NY,202105,1.0,0.8011630041208966
NY,202106,1.0,0.8179660112738796
NY,202107,1.0,0.8145007569098317
NY,202108,1.0,0.8367531503026097
NY,202109,1.0,0.8170495786654149
NY,202110,1.0,0.8294802746864351
NY,202111,1.0,0.8255672574803467
NY,202112,1.0,0.8340869289603765
NY,202201,1.0,0.8386295294670674
NY,202202,1.0,0.8487580930865826
NY,202203,1.0,0.8534042731051447
NY,202204,1.0,0.8172858301935542
NY,202205,1.0,0.8273864369157409
NY,202206,1.0,0.8517909428463161
NY,202207,1.0,0.8089452217538003
NY,202208,1.0,0.8052175344770148
NY,202209,1.0,0.8182360136164586
NY,202210,1.0,0.7785394120038202
NY,202211,1.0,0.7928893554723442
NY,202212,1.0,0.7585146226401258
NY,202301,1.0,0.7494971900288965
NY,202302,1.0,0.7486838945770028
NY,202303,1.0,0.7469068751789775
NY,202304,1.0,0.7142421390389769
NY,202305,0.0,0.7142421390389769
NY,202306,0.0,0.710065496319488
NY,202307,0.0,0.710065496319488
NY,202308,0.0,0.716103145502819
NY,202309,1.0,0.7188401633227032
NY,202310,1.0,0.719820247454082
NY,202311,1.0,0.7332866900043574
NY,202312,1.0,0.7320980073361494
NY,202401,1.0,0.7620170380658301
NY,202402,1.0,0.7464688323370514
NY,202403,0.0,0.7357062846838054
NY,202404,0.0,0.7361742467869451
NY,202405,0.0,0.7285678088399301
NY,202406,0.0,0.7470253235366399
NY,202407,0.0,0.7419619176969323
NY,202408,0.0,0.7491118217562768
NY,202409,0.0,0.7468395503903932
OH,202010,1.0,0.5809422047236812
OH,202011,1.0,0.7408396214240017
OH,202012,0.0,0.7735008357373063
OH,202101,0.0,0.7393311721916188
OH,202102,1.0,0.7181564637691706
OH,202103,1.0,0.7063954271134673
OH,202104,1.0,0.7312667966464494
OH,202105,1.0,0.7507055974213616
OH,202106,1.0,0.8188143390909083
OH,202107,1.0,0.8722060303286895
OH,202108,1.0,0.8617308489201143
OH,202109,1.0,0.8530893719594352
OH,202110,1.0,0.8621582442706992
OH,202111,1.0,0.8671892710394027
OH,202112,1.0,0.8405807020264325
OH,202201,1.0,0.8406085576621948
OH,202202,1.0,0.7922347853708791
OH,202203,1.0,0.7415104905092607
OH,202204,1.0,0.7197134924845813
OH,202205,1.0,0.7562498332709389
OH,202206,1.0,0.798317556746644
OH,202207,1.0,0.8331664062656233
OH,202208,1.0,0.8217192313460018
OH,202209,1.0,0.8046300652094084
OH,202210,1.0,0.7871329173606452
OH,202211,1.0,0.7641242824824505
OH,202212,1.0,0.6860005710958754
OH,202301,1.0,0.7632756840884468
OH,202302,1.0,0.7906189820919429
OH,202303,1.0,0.8239518603584355
OH,202304,1.0,0.7795219507008272
OH,202305,1.0,0.8224562830431356
OH,202306,1.0,0.7161763373731226
OH,202307,1.0,0.7231445516978857
OH,202308,1.0,0.7487891337257555
OH,202309,1.0,0.7420092668675597
OH,202310,1.0,0.7692783256059113
OH,202311,1.0,0.7553597068012838
OH,202312,1.0,0.715344922781674
OH,202401,1.0,0.7567877113045737
OH,202402,1.0,0.7107442665100239
OH,202403,1.0,0.692609488851598
OH,202404,1.0,0.723623551890181
OH,202405,1.0,0.7320714811114489
OH,202406,1.0,0.7506747266746032
OH,202407,1.0,0.6871926660460652
OH,202408,1.0,0.6708915805042639
OH,202409,1.0,0.6380580898501449
OK,202010,0.0,0.6537074630386545
OK,202011,1.0,0.7641752180409663
OK,202012,1.0,0.7463164571617317
OK,202101,1.0,0.7417886205042942
OK,202102,1.0,0.727473376777143
OK,202103,1.0,0.7297911397369617
OK,202104,1.0,0.7299299163929553
OK,202105,1.0,0.7117228994957103
OK,202106,1.0,0.7407064414563138
OK,202107,1.0,0.7617068889136881
OK,202108,1.0,0.8437441645085761
OK,202109,1.0,0.8777501430013744
OK,202110,1.0,0.8814752016774022
OK,202111,1.0,0.8856339650635643
OK,202112,1.0,0.904464999526357
OK,202201,1.0,0.9170749326558061
OK,202202,1.0,0.8695026835536396
OK,202203,1.0,0.8539426893326346
OK,202204,1.0,0.8505879983039601
OK,202205,1.0,0.8783923740869275
OK,202206,1.0,0.90741843871049
OK,202207,1.0,0.8929982915003591
OK,202208,1.0,0.8517579013480477
OK,202209,1.0,0.7925203663194822
OK,202210,1.0,0.8657588424414295
OK,202211,1.0,0.8311374651275513
OK,202212,1.0,0.7859357641749571
OK,202301,1.0,0.7764609281551901
OK,202302,1.0,0.8546160902195759
OK,202303,1.0,0.86451739283561
OK,202304,1.0,0.8478013624871932
OK,202305,1.0,0.8335736884562237
OK,202306,1.0,0.8244991828928885
OK,202307,1.0,0.8177656023889402
OK,202308,1.0,0.7853340429983239
OK,202309,1.0,0.7457975462824085
OK,202310,1.0,0.7321661751298255
OK,202311,1.0,0.7456486497992842
OK,202312,1.0,0.7379798406601639
OK,202401,1.0,0.7047888832345065
OK,202402,1.0,0.7180892445104752
OK,202403,1.0,0.7109627399140868
OK,202404,1.0,0.7465256256158028
OK,202405,1.0,0.7356748918575048
OK,202406,1.0,0.7150954658017752
OK,202407,1.0,0.7080121083570218
OK,202408,1.0,0.7097650381952075
OK,202409,1.0,0.7080875920637432
OR,202010,1.0,0.616361484154378
OR,202011,1.0,0.7668941500090315
OR,202012,1.0,0.7991628377253553
OR,202101,1.0,0.8923962342118067
OR,202102,1.0,0.8963749256766788
OR,202103,1.0,0.8409570124539514
OR,202104,1.0,0.8016725841058662
OR,202105,1.0,0.8013168087639571
OR,202106,1.0,0.7796894533396705
OR,202107,1.0,0.7444276082441584
OR,202108,1.0,0.832405244457504
OR,202109,1.0,0.8273865821795112
OR,202110,1.0,0.841437468965482
OR,202111,1.0,0.834583419547017
OR,202112,1.0,0.8373069953230899
OR,202201,1.0,0.85419694854058
OR,202202,1.0,0.8617480601571705
OR,202203,1.0,0.8179974669317738
OR,202204,1.0,0.7527247183512707
OR,202205,1.0,0.801288399026173
OR,202206,1.0,0.7838518762978864
OR,202207,1.0,0.7601567941049239
OR,202208,1.0,0.7622263791299508
OR,202209,1.0,0.692054336090323
OR,202210,1.0,0.7747215301308258
OR,202211,1.0,0.7299726655215355
OR,202212,1.0,0.7242685660433186
OR,202301,1.0,0.8224347159545126
OR,202302,1.0,0.8446493923281599
OR,202303,1.0,0.8581772246074851
OR,202304,1.0,0.8284210863719883
OR,202305,0.0,0.7916321856867935
OR,202306,0.0,0.7778801939868921
OR,202307,0.0,0.7713496941747552
OR,202308,0.0,0.7738242698253847
OR,202309,0.0,0.7727789286783513
OR,202310,0.0,0.6984087593915466
OR,202311,0.0,0.6961469479985439
OR,202312,0.0,0.6834242432709537
OR,202401,0.0,0.711696814661174
OR,202402,0.0,0.7394622716178192
OR,202403,0.0,0.7060803295466297
OR,202404,1.0,0.6210911584059073
OR,202405,1.0,0.5678852251499971
OR,202406,1.0,0.6004758509479449
OR,202407,1.0,0.5968471140344064
OR,202408,1.0,0.48980826393682586
OR,202409,1.0,0.36685377734698527
PA,202010,1.0,0.790443137145525
PA,202011,1.0,0.7705733226532946
PA,202012,1.0,0.6854712967198988
PA,202101,1.0,0.7220955414374406
PA,202102,1.0,0.802315062729226
PA,202103,1.0,0.8192262612881619
PA,202104,1.0,0.8459716779763025
PA,202105,1.0,0.8103468757656177
PA,202106,1.0,0.8068858324141709
PA,202107,1.0,0.819184051070999
PA,202108,1.0,0.8467777512898498
PA,202109,1.0,0.8712218731025071
PA,202110,1.0,0.8668529247994046
PA,202111,1.0,0.8666814257692377
PA,202112,1.0,0.8720448651677377
PA,202201,1.0,0.878119512144631
PA,202202,1.0,0.8530053961151088
PA,202203,1.0,0.8778567962860906
PA,202204,1.0,0.8473653946350862
PA,202205,1.0,0.8759446746261331
PA,202206,1.0,0.8853165945644567
PA,202207,1.0,0.8599761454014296
PA,202208,1.0,0.8675409792871822
PA,202209,1.0,0.8876208422032892
PA,202210,1.0,0.8703014837731111
PA,202211,1.0,0.860167865942837
PA,202212,1.0,0.8599274828235152
PA,202301,1.0,0.8767131059222493
PA,202302,1.0,0.8782755105489133
PA,202303,1.0,0.8722205546462602
PA,202304,1.0,0.820084548854901
PA,202305,0.0,0.8438846720950396
PA,202306,0.0,0.8465181545985225
PA,202307,0.0,0.8061116289460964
PA,202308,0.0,0.7254508148342551
PA,202309,0.0,0.7863571175230563
PA,202310,0.0,0.7686991601440595
PA,202311,0.0,0.7796082551882421
PA,202312,0.0,0.752619183967455
PA,202401,0.0,0.743429718807699
PA,202402,0.0,0.7645783920688781
PA,202403,0.0,0.7601341828877659
PA,202404,0.0,0.8079251288600584
PA,202405,0.0,0.8263728761600517
PA,202406,0.0,0.7383478663047489
PA,202407,0.0,0.7802640077714456
PA,202408,0.0,0.8011879765873978
PA,202409,0.0,0.8148208777404626
PR,202010,1.0,0.5328687310149997
PR,202011,1.0,0.5879721954009428
PR,202012,1.0,0.55833252507385
PR,202101,1.0,0.5983298189564636
PR,202102,1.0,0.5821849137310751
PR,202103,1.0,0.6714020829120027
PR,202104,1.0,0.6646006200293709
PR,202105,1.0,0.630744901525234
PR,202106,1.0,0.6067867784325128
PR,202107,1.0,0.6426990898525939
PR,202108,1.0,0.6429256836315971
PR,202109,1.0,0.6983229195611963
PR,202110,1.0,0.6738198993142757
PR,202111,1.0,0.7006978941758619
PR,202112,1.0,0.6833192798837586
PR,202201,1.0,0.7065523332039476
PR,202202,1.0,0.8476609556073238
PR,202203,1.0,0.8503371015346928
PR,202204,1.0,0.7998321202232969
PR,202205,1.0,0.7870044221466992
PR,202206,1.0,0.7252261697032145
PR,202207,1.0,0.7917102441963836
PR,202208,1.0,0.8281776588652298
PR,202209,1.0,0.8070506292691596
PR,202210,1.0,0.8467934660910043
PR,202211,1.0,0.8206780296177075
PR,202212,1.0,0.8010192635336665
PR,202301,1.0,0.7292805607132915
PR,202302,1.0,0.7398104959927272
PR,202303,0.0,0.7795068574333338
PR,202304,1.0,0.6796458438363878
PR,202305,1.0,0.683485765172744
PR,202306,1.0,0.657427051323604
PR,202307,1.0,0.6393873821164494
PR,202308,1.0,0.6526751849654923
PR,202309,1.0,0.6579333474340566
PR,202310,1.0,0.7100682056282847
PR,202311,0.0,0.7111616342086988
PR,202312,0.0,0.6862562669393085
PR,202401,0.0,0.6481180767025962
PR,202402,0.0,0.6146880732232473
PR,202403,0.0,0.6585566531721273
PR,202404,0.0,0.5737451019038958
PR,202405,0.0,0.5779917445625185
PR,202406,0.0,0.5682228290343072
PR,202407,0.0,0.5932143194431407
PR,202408,0.0,0.5792577434337185
PR,202409,0.0,0.5430328012427712
RI,202010,0.0,0.5682764689558258
RI,202011,0.0,0.6769936389514016
RI,202012,0.0,0.6432073306575516
RI,202101,0.0,0.6531829850009369
RI,202102,0.0,0.7020919624828241
RI,202103,0.0,0.6408409248913136
RI,202104,0.0,0.724649884810687
RI,202105,1.0,0.7781281615467494
RI,202106,1.0,0.7417063161082228
RI,202107,1.0,0.7474366584189657
RI,202108,1.0,0.8664628239173885
RI,202109,1.0,0.8695548413293187
RI,202110,1.0,0.8108786669687406
RI,202111,0.0,0.9058070700588448
RI,202112,1.0,0.8897845263660547
RI,202201,1.0,0.8968862994403143
RI,202202,1.0,0.8913529639212945
RI,202203,1.0,0.8364363088435208
RI,202204,1.0,0.8035379994206779
RI,202205,1.0,0.8739750674078338
RI,202206,1.0,0.8155272972832738
RI,202207,1.0,0.7893265736818585
RI,202208,1.0,0.8177630906067489
RI,202209,1.0,0.8120811756527996
RI,202210,1.0,0.8017845637012202
RI,202211,1.0,0.8017845637012202
RI,202212,1.0,0.8239181628049634
RI,202301,1.0,0.8528320687469966
RI,202302,0.0,0.8245494451581287
RI,202303,0.0,0.755165583241741
RI,202304,0.0,0.6789437968919069
RI,202305,0.0,0.7088181017202109
RI,202306,0.0,0.6517922994623094
RI,202307,0.0,0.5998822031996284
RI,202308,0.0,0.5322814943748966
RI,202309,0.0,0.506409736263715
RI,202310,0.0,0.47812962982707785
RI,202311,0.0,0.4783154842730828
RI,202312,0.0,0.4054923563001544
RI,202401,0.0,0.4590781470092209
RI,202402,0.0,0.308394396754769
RI,202403,0.0,0.575628821235329
RI,202404,0.0,0.4368798344412329
RI,202405,0.0,0.4636684891996336
RI,202406,0.0,0.28844746486315576
RI,202407,0.0,0.2642324763501744
RI,202408,0.0,0.3527402171412434
RI,202409,0.0,0.31342213881849146
SC,202010,1.0,0.6150651664872551
SC,202011,1.0,0.6983795943916659
SC,202012,1.0,0.736590739312158
SC,202101,1.0,0.7640742331321584
SC,202102,1.0,0.7530477126294383
SC,202103,1.0,0.7849997015277809
SC,202104,1.0,0.812311273410454
SC,202105,1.0,0.7793192731779913
SC,202106,1.0,0.7460810196414865
SC,202107,1.0,0.7502572031501734
SC,202108,1.0,0.8762378530522642
SC,202109,1.0,0.9069065281541304
SC,202110,1.0,0.8970822083256309
SC,202111,1.0,0.9077037379786193
SC,202112,1.0,0.9034708649704539
SC,202201,1.0,0.9098781236199315
SC,202202,1.0,0.9083847693918927
SC,202203,1.0,0.862357130134414
SC,202204,1.0,0.8535328348175903
SC,202205,1.0,0.845654534818792
SC,202206,1.0,0.8851506463744624
SC,202207,1.0,0.8482496853527394
SC,202208,1.0,0.8450424217623133
SC,202209,1.0,0.7490573642552377
SC,202210,1.0,0.7399169391781335
SC,202211,1.0,0.7251533983199883
SC,202212,1.0,0.6545471424494425
SC,202301,1.0,0.6532066648377384
SC,202302,1.0,0.816876224508987
SC,202303,1.0,0.8582667794695795
SC,202304,1.0,0.8530291974628997
SC,202305,1.0,0.8016900488758333
SC,202306,1.0,0.8185530620962335
SC,202307,1.0,0.7442830938513592
SC,202308,1.0,0.6889773770886162
SC,202309,1.0,0.7818777528912786
SC,202310,1.0,0.767885539165321
SC,202311,1.0,0.7039002515599079
SC,202312,1.0,0.6261697055978018
SC,202401,1.0,0.5924115203412604
SC,202402,1.0,0.5635826314669378
SC,202403,1.0,0.6209922932601935
SC,202404,1.0,0.5817873094615574
SC,202405,1.0,0.5726545745922614
SC,202406,0.0,0.6132727376031426
SC,202407,1.0,0.5621573547833435
SC,202408,1.0,0.5537625422668957
SC,202409,1.0,0.542899554781036
SD,202010,0.0,0.6804821403751076
SD,202011,1.0,0.7191514647718507
SD,202012,1.0,0.7392595658799809
SD,202101,1.0,0.7537016994357129
SD,202102,1.0,0.7293480897548009
SD,202103,1.0,0.7580236789918725
SD,202104,1.0,0.7549805511299684
SD,202105,1.0,0.7745662028289756
SD,202106,1.0,0.7576077337754868
SD,202107,1.0,0.841148105789559
SD,202108,1.0,0.8935729623978945
SD,202109,1.0,0.895083342946852
SD,202110,1.0,0.9065051479094929
SD,202111,1.0,0.8700220394777906
SD,202112,1.0,0.8406499601509185
SD,202201,1.0,0.8103567649285566
SD,202202,1.0,0.7321092818236621
SD,202203,1.0,0.7604398838105433
SD,202204,1.0,0.7657273923933318
SD,202205,1.0,0.7335738286042904
SD,202206,1.0,0.6990632139171103
SD,202207,1.0,0.7150918788616152
SD,202208,1.0,0.7550617399511986
SD,202209,1.0,0.7175076915068079
SD,202210,1.0,0.7147629772455608
SD,202211,1.0,0.7147935528410058
SD,202212,1.0,0.6477285427034226
SD,202301,1.0,0.7174932795369167
SD,202302,1.0,0.8335564038056797
SD,202303,1.0,0.8101629978377284
SD,202304,1.0,0.8084380659851821
SD,202305,1.0,0.7888757779440128
SD,202306,1.0,0.7750474236551639
SD,202307,0.0,0.7485766602256372
SD,202308,0.0,0.7245896503228408
SD,202309,0.0,0.6592481308568597
SD,202310,0.0,0.6109623650662522
SD,202311,0.0,0.5846497710929843
SD,202312,0.0,0.5848749106846309
SD,202401,0.0,0.5488466524173404
SD,202402,0.0,0.5305761697977096
SD,202403,0.0,0.4994241812213969
SD,202404,0.0,0.5259018737050316
SD,202405,0.0,0.5277658043731867
SD,202406,0.0,0.48304944043648296
SD,202407,0.0,0.5148583000839658
SD,202408,0.0,0.49215918948801296
SD,202409,0.0,0.4978956001998048
TN,202010,1.0,0.6298917230345592
TN,202011,1.0,0.7208249910549915
TN,202012,1.0,0.719792551219065
TN,202101,1.0,0.7667024698306726
TN,202102,1.0,0.7582028798844033
TN,202103,1.0,0.7853527708582352
TN,202104,1.0,0.7927943133700315
TN,202105,1.0,0.8665926237314934
TN,202106,1.0,0.8156032099028515
TN,202107,1.0,0.8881317705970811
TN,202108,1.0,0.9023904453377508
TN,202109,1.0,0.8967455030372656
TN,202110,1.0,0.9316568115085072
TN,202111,1.0,0.9149728347797457
TN,202112,1.0,0.8924173535708744
TN,202201,1.0,0.9111175710742774
TN,202202,1.0,0.9047137194135912
TN,202203,1.0,0.8722019511603674
TN,202204,1.0,0.8351621780689868
TN,202205,1.0,0.8663387131634747
TN,202206,1.0,0.8585436241011597
TN,202207,1.0,0.8392534703606799
TN,202208,1.0,0.8329912368326968
TN,202209,1.0,0.7844011575113563
TN,202210,1.0,0.8126561001823694
TN,202211,1.0,0.8196551962242147
TN,202212,1.0,0.7899447819727105
TN,202301,1.0,0.8212706048064837
TN,202302,1.0,0.8386712155625857
TN,202303,1.0,0.8667922510632675
TN,202304,1.0,0.8628642224018174
TN,202305,1.0,0.862350015444679
TN,202306,1.0,0.8685991562772073
TN,202307,1.0,0.8623848035762198
TN,202308,0.0,0.8265247734375828
TN,202309,1.0,0.761148169115284
TN,202310,1.0,0.7535774558219624
TN,202311,1.0,0.723453677897141
TN,202312,1.0,0.627432480300229
TN,202401,1.0,0.6477701193097586
TN,202402,1.0,0.7084871027691968
TN,202403,0.0,0.7017455009364472
TN,202404,0.0,0.6952202338349949
TN,202405,0.0,0.6219480560707932
TN,202406,0.0,0.6035690368398502
TN,202407,1.0,0.5826337412137061
TN,202408,1.0,0.5548345188668654
TN,202409,1.0,0.5973674936396616
TX,202010,0.0,0.6751613979656075
TX,202011,1.0,0.7461705359819775
TX,202012,1.0,0.7886941580363209
TX,202101,1.0,0.8295383767787916
TX,202102,1.0,0.8334946505277556
TX,202103,1.0,0.8397397221786413
TX,202104,1.0,0.8114637325983403
TX,202105,1.0,0.8392714543690606
TX,202106,1.0,0.8797461400443466
TX,202107,1.0,0.8266045055780302
TX,202108,1.0,0.8715684797300317
TX,202109,1.0,0.8605063038044898
TX,202110,1.0,0.8650340320235717
TX,202111,1.0,0.8840735069485105
TX,202112,1.0,0.8597457834212959
TX,202201,1.0,0.8695103434315289
TX,202202,1.0,0.8360056529709567
TX,202203,1.0,0.8595011706628015
TX,202204,1.0,0.7843770047439108
TX,202205,1.0,0.8387368644063851
TX,202206,1.0,0.8666524372859857
TX,202207,1.0,0.8578798878003268
TX,202208,1.0,0.7709327941561257
TX,202209,1.0,0.7545672628213929
TX,202210,1.0,0.827928823479648
TX,202211,1.0,0.783451611962777
TX,202212,1.0,0.7920137983558269
TX,202301,1.0,0.8114175355985955
TX,202302,1.0,0.8089029883115921
TX,202303,1.0,0.7888023583660373
TX,202304,1.0,0.7805041417244726
TX,202305,0.0,0.7572508690628795
TX,202306,0.0,0.686052367787484
TX,202307,0.0,0.6164137655926698
TX,202308,0.0,0.6319634505333672
TX,202309,1.0,0.6698211167538776
TX,202310,1.0,0.7155087936336233
TX,202311,1.0,0.7213007296695528
TX,202312,1.0,0.6588937299149148
TX,202401,1.0,0.6836521013987021
TX,202402,1.0,0.7180036202757033
TX,202403,1.0,0.7558051335153754
TX,202404,1.0,0.7420052102294329
TX,202405,1.0,0.7551652664666473
TX,202406,1.0,0.7519897898364819
TX,202407,1.0,0.7023928937254038
TX,202408,1.0,0.636990597927313
TX,202409,1.0,0.6440140073784854
UT,202010,0.0,0.6161340389265748
UT,202011,1.0,0.7459762322399043
UT,202012,1.0,0.7230361364411968
UT,202101,1.0,0.7737809125094303
UT,202102,1.0,0.8037158239975511
UT,202103,1.0,0.8046279936139529
UT,202104,1.0,0.8105071701288458
UT,202105,1.0,0.913788127301365
UT,202106,1.0,0.9021506712756492
UT,202107,1.0,0.9041401178509345
UT,202108,1.0,0.9011745922545135
UT,202109,1.0,0.9211272310850767
UT,202110,1.0,0.9198807843357873
UT,202111,1.0,0.9376349295395647
UT,202112,1.0,0.9095652048789599
UT,202201,1.0,0.9187658882114966
UT,202202,1.0,0.8926456852308933
UT,202203,1.0,0.8638213742981938
UT,202204,1.0,0.7967686399020016
UT,202205,0.0,0.8841744179880551
UT,202206,0.0,0.8721112892197668
UT,202207,1.0,0.870036133372826
UT,202208,1.0,0.8309675547168807
UT,202209,1.0,0.8349146697523028
UT,202210,1.0,0.8568383331086147
UT,202211,1.0,0.8065544154533661
UT,202212,1.0,0.7331664152497906
UT,202301,1.0,0.8814953005877985
UT,202302,1.0,0.9067689010695217
UT,202303,1.0,0.8952763270463656
UT,202304,1.0,0.8931166851942745
UT,202305,1.0,0.8718042120729389
UT,202306,1.0,0.8981146482398507
UT,202307,1.0,0.8742130869326252
UT,202308,1.0,0.7896097519612197
UT,202309,1.0,0.732246069838511
UT,202310,1.0,0.7804286491653306
UT,202311,1.0,0.7718542407877722
UT,202312,1.0,0.690010673704952
UT,202401,1.0,0.8571944860313746
UT,202402,1.0,0.8650923247201058
UT,202403,0.0,0.8358737631377743
UT,202404,1.0,0.8339031797307688
UT,202405,1.0,0.7930020078078458
UT,202406,1.0,0.7954793210302161
UT,202407,1.0,0.7542430557518746
UT,202408,1.0,0.7222432772356394
UT,202409,1.0,0.6617865242561548
VA,202010,0.0,0.5802662265989263
VA,202011,1.0,0.6706913338558681
VA,202012,1.0,0.7147008918142421
VA,202101,1.0,0.7156391742866319
VA,202102,1.0,0.7270490873377454
VA,202103,1.0,0.7502794834175057
VA,202104,1.0,0.7323321928400297
VA,202105,1.0,0.8229760154325106
VA,202106,1.0,0.8656038361660062
VA,202107,1.0,0.8593335514199698
VA,202108,1.0,0.8316506413754433
VA,202109,1.0,0.8452544000579769
VA,202110,1.0,0.8452535599393058
VA,202111,1.0,0.8096137057726618
VA,202112,1.0,0.7727546565130302
VA,202201,1.0,0.7683700257491048
VA,202202,1.0,0.7610083578159379
VA,202203,1.0,0.7852907712449176
VA,202204,1.0,0.769882476848906
VA,202205,1.0,0.8417665946615658
VA,202206,1.0,0.8426042566479229
VA,202207,1.0,0.8635222819508209
VA,202208,1.0,0.8289554821604033
VA,202209,1.0,0.8117284094266678
VA,202210,1.0,0.7602225935624014
VA,202211,1.0,0.6911256123925302
VA,202212,1.0,0.6486121309771831
VA,202301,1.0,0.8038604617120118
VA,202302,1.0,0.8227118935814581
VA,202303,1.0,0.8308513505722701
VA,202304,1.0,0.7337372789138225
VA,202305,1.0,0.701391435136788
VA,202306,1.0,0.6203065343782984
VA,202307,0.0,0.6897775222597644
VA,202308,0.0,0.6975052346008984
VA,202309,0.0,0.6470417827892543
VA,202310,1.0,0.6247888335789827
VA,202311,1.0,0.5271366846739428
VA,202312,1.0,0.5459410236874358
VA,202401,1.0,0.5795303743348182
VA,202402,1.0,0.6069039337556109
VA,202403,1.0,0.6178393014523714
VA,202404,1.0,0.7729220640142368
VA,202405,1.0,0.766851899507868
VA,202406,1.0,0.730423787701892
VA,202407,0.0,0.7302757975356172
VA,202408,1.0,0.6653984451236465
VA,202409,1.0,0.6146167871954024
VI,202010,0.0,0.25075546448320507
VI,202011,0.0,0.30942439437359265
VI,202012,0.0,0.32488646280905475
VI,202101,0.0,0.23601027008018324
VI,202102,0.0,0.309665787117215
VI,202103,0.0,0.27047067443497685
VI,202104,0.0,0.2916842890455784
VI,202105,0.0,0.2469604037546456
VI,202106,0.0,0.25237330062750957
VI,202107,0.0,0.309665787117215
VI,202108,0.0,0.2603586585117929
VI,202109,0.0,0.36705050191846417
VI,202110,0.0,0.22968992375983693
VI,202111,0.0,0.2681185820828845
VI,202112,0.0,0.31871874511654386
VI,202201,0.0,0.31871874511654386
VI,202202,0.0,0.31871874511654386
VI,202203,0.0,0.22968992375983693
VI,202204,0.0,0.3455102871833038
VI,202205,0.0,0.29385178608446993
VI,202206,0.0,0.22968992375983693
VI,202207,0.0,0.28069510291071487
VI,202208,0.0,0.29606840723039013
VI,202209,0.0,0.3056304254033389
VI,202210,0.0,0.22968992375983693
VI,202211,0.0,0.307133968818466
VI,202212,0.0,0.2967658466965319
VI,202301,0.0,0.22968992375983693
VI,202302,0.0,0.26731247024815485
VI,202303,0.0,0.22968992375983693
VI,202304,0.0,0.22968992375983693
VI,202305,0.0,0.2500700582231926
VI,202306,0.0,0.22968992375983693
VI,202307,0.0,0.22968992375983693
VI,202308,0.0,0.24605295430716326
VI,202309,0.0,0.27176926037161164
VI,202310,0.0,0.22968992375983693
VI,202311,0.0,0.22968992375983693
VI,202312,0.0,0.3007842526413439
VI,202401,0.0,0.22968992375983693
VI,202402,0.0,0.22968992375983693
VI,202403,0.0,0.30667922029564676
VI,202404,0.0,0.26843577255611334
VI,202405,0.0,0.22968992375983693
VI,202406,0.0,0.27540720772801913
VI,202407,0.0,0.29606840723039013
VI,202408,0.0,0.35580814135082106
VI,202409,0.0,0.29606840723039013
VT,202010,0.0,0.679746021734585
VT,202011,0.0,0.7589811766815464
VT,202012,0.0,0.7637129870167156
VT,202101,1.0,0.7090318950080391
VT,202102,1.0,0.7463957879757737
VT,202103,1.0,0.7313194128444035
VT,202104,1.0,0.7530484852302571
VT,202105,1.0,0.7120035126655835
VT,202106,1.0,0.6916649272448099
VT,202107,1.0,0.7510682063894568
VT,202108,1.0,0.772067997389466
VT,202109,1.0,0.8505002569966612
VT,202110,1.0,0.8760994504966021
VT,202111,1.0,0.8857117729917223
VT,202112,1.0,0.8573714417852811
VT,202201,1.0,0.8689721091203174
VT,202202,1.0,0.8575489265509382
VT,202203,1.0,0.8573574929270541
VT,202204,1.0,0.8458405597581329
VT,202205,1.0,0.8361494162721715
VT,202206,1.0,0.8662490395481949
VT,202207,1.0,0.8489767654700688
VT,202208,1.0,0.8544544328026482
VT,202209,1.0,0.8021527478410312
VT,202210,1.0,0.7501894728072546
VT,202211,1.0,0.7562184082701922
VT,202212,1.0,0.7604228597882242
VT,202301,1.0,0.8163533405656903
VT,202302,1.0,0.7928635732460109
VT,202303,1.0,0.84306533147908
VT,202304,1.0,0.7926534890233866
VT,202305,1.0,0.7911549244156697
VT,202306,1.0,0.8010808973578739
VT,202307,0.0,0.8173378903682673
VT,202308,0.0,0.7632377428038243
VT,202309,1.0,0.7283251411415675
VT,202310,1.0,0.6692568885117335
VT,202311,1.0,0.5776231736062105
VT,202312,1.0,0.5093140442097183
VT,202401,1.0,0.5817846819726192
VT,202402,1.0,0.5728415509034749
VT,202403,1.0,0.6514795284227978
VT,202404,1.0,0.680503066104869
VT,202405,1.0,0.6248972645936544
VT,202406,0.0,0.597678838713832
VT,202407,1.0,0.5627754576841996
VT,202408,1.0,0.6376107886745097
VT,202409,1.0,0.6810814452607751
WA,202010,0.0,0.6352313263135994
WA,202011,1.0,0.7717033318653111
WA,202012,1.0,0.8046045673608988
WA,202101,1.0,0.856888400945562
WA,202102,1.0,0.8224394519952063
WA,202103,1.0,0.7953636039327262
WA,202104,1.0,0.8181430858531029
WA,202105,1.0,0.855755502675471
WA,202106,1.0,0.8544088261288817
WA,202107,1.0,0.8647158472551869
WA,202108,1.0,0.8381048792885553
WA,202109,1.0,0.8284660108744863
WA,202110,1.0,0.8220869854472993
WA,202111,1.0,0.8262776845122437
WA,202112,1.0,0.8223966105101814
WA,202201,1.0,0.8549714346062873
WA,202202,1.0,0.8270602959836608
WA,202203,1.0,0.81197291989636
WA,202204,1.0,0.8007879430243113
WA,202205,1.0,0.8387563825340871
WA,202206,1.0,0.8214045410304566
WA,202207,1.0,0.7793018079801393
WA,202208,1.0,0.8082622872293405
WA,202209,1.0,0.8408337332228072
WA,202210,1.0,0.8222796330846834
WA,202211,1.0,0.770806825282288
WA,202212,1.0,0.7362339524278849
WA,202301,1.0,0.8014477128417451
WA,202302,1.0,0.8448932041188698
WA,202303,1.0,0.8401463963542724
WA,202304,1.0,0.7764826349741456
WA,202305,1.0,0.6900017331952754
WA,202306,1.0,0.6239915198460182
WA,202307,0.0,0.6466618970159042
WA,202308,0.0,0.6458449415590782
WA,202309,0.0,0.6943551811533618
WA,202310,0.0,0.6450248861775225
WA,202311,0.0,0.5961293033628632
WA,202312,0.0,0.6344523325524062
WA,202401,0.0,0.660274662690146
WA,202402,0.0,0.6575106893368132
WA,202403,0.0,0.6549380648987337
WA,202404,0.0,0.5827510063972959
WA,202405,1.0,0.610845250430674
WA,202406,1.0,0.5380919565459404
WA,202407,1.0,0.48958873555401783
WA,202408,1.0,0.46067691368802904
WA,202409,1.0,0.557167397645236
WI,202010,0.0,0.7244181742083075
WI,202011,1.0,0.8481431956105324
WI,202012,1.0,0.8441522952856403
WI,202101,1.0,0.8101912350271079
WI,202102,1.0,0.7351804977319037
WI,202103,1.0,0.7899844445593955
WI,202104,1.0,0.8121685074270326
WI,202105,1.0,0.8996975930552853
WI,202106,1.0,0.8971975613159522
WI,202107,1.0,0.8972700837407444
WI,202108,1.0,0.8807544088265701
WI,202109,1.0,0.8488509004025246
WI,202110,1.0,0.8343270793107578
WI,202111,1.0,0.768654001399905
WI,202112,1.0,0.7292168355966544
WI,202201,1.0,0.7339149188123387
WI,202202,1.0,0.7601284253951082
WI,202203,1.0,0.7800046371064197
WI,202204,1.0,0.7174502197662662
WI,202205,1.0,0.8608524992526648
WI,202206,1.0,0.8889975197708451
WI,202207,1.0,0.8801550294775663
WI,202208,1.0,0.8342523416595827
WI,202209,1.0,0.8031177236351271
WI,202210,1.0,0.7679956138490834
WI,202211,1.0,0.7888057895135125
WI,202212,1.0,0.7338722918313391
WI,202301,1.0,0.7820035959995171
WI,202302,1.0,0.7988278344377853
WI,202303,1.0,0.8288147343295112
WI,202304,1.0,0.7309723332862308
WI,202305,1.0,0.7582778879957277
WI,202306,1.0,0.7049818155536205
WI,202307,1.0,0.6751523296935962
WI,202308,1.0,0.6919911706484618
WI,202309,1.0,0.7575866807151259
WI,202310,1.0,0.7417065932418596
WI,202311,1.0,0.7916096533314054
WI,202312,1.0,0.754618268484075
WI,202401,1.0,0.776540730309042
WI,202402,1.0,0.720689402011493
WI,202403,1.0,0.7345456052415024
WI,202404,1.0,0.7588695270210037
WI,202405,1.0,0.714368326755252
WI,202406,1.0,0.7304571136016197
WI,202407,1.0,0.7423160653691251
WI,202408,1.0,0.6897197128424135
WI,202409,1.0,0.693515231963933
WV,202010,0.0,0.6910356182193046
WV,202011,0.0,0.7209864637545208
WV,202012,1.0,0.7040869588295865
WV,202101,1.0,0.7021210358165475
WV,202102,1.0,0.6829622413532747
WV,202103,1.0,0.7218833426851008
WV,202104,1.0,0.7141023729753858
WV,202105,1.0,0.7444809270424045
WV,202106,1.0,0.8148548543438993
WV,202107,1.0,0.8087727060691964
WV,202108,1.0,0.8418998068016667
WV,202109,1.0,0.8513696751809852
WV,202110,1.0,0.7929810459896341
WV,202111,1.0,0.8137257524210643
WV,202112,1.0,0.8122459797796328
WV,202201,1.0,0.8143481414747664
WV,202202,1.0,0.8262369922537506
WV,202203,1.0,0.840206552230573
WV,202204,1.0,0.8157304047977333
WV,202205,1.0,0.7518531242804879
WV,202206,1.0,0.7562278841715194
WV,202207,0.0,0.762644591546303
WV,202208,0.0,0.7149215549853167
WV,202209,1.0,0.7604880901567727
WV,202210,1.0,0.6778448734417992
WV,202211,1.0,0.6282542582075489
WV,202212,1.0,0.540750758096568
WV,202301,1.0,0.5605073470832543
WV,202302,1.0,0.5444064241193716
WV,202303,0.0,0.6718510194698477
WV,202304,0.0,0.649337962484462
WV,202305,0.0,0.5792975656695666
WV,202306,0.0,0.4852867326337189
WV,202307,0.0,0.3642263855265903
WV,202308,0.0,0.34446465160555056
WV,202309,0.0,0.37955400557621366
WV,202310,0.0,0.4220629850888205
WV,202311,0.0,0.35171783312310956
WV,202312,0.0,0.37548181261539293
WV,202401,0.0,0.3975274247713556
WV,202402,0.0,0.3326888830673702
WV,202403,0.0,0.38953835295481637
WV,202404,0.0,0.38783251593746315
WV,202405,0.0,0.3317090163813335
WV,202406,0.0,0.2987540484605191
WV,202407,0.0,0.2979237733129431
WV,202408,0.0,0.2806977423796748
WV,202409,0.0,0.33000090580407354
WY,202010,1.0,0.5897956400676521
WY,202011,1.0,0.6705189208654068
WY,202012,1.0,0.6067382144944157
WY,202101,1.0,0.6492426940548296
WY,202102,1.0,0.7053723020966746
WY,202103,1.0,0.6882847561369664
WY,202104,1.0,0.670777474680872
WY,202105,1.0,0.5477647256716315
WY,202106,1.0,0.6921597203286336
WY,202107,1.0,0.7113417678480303
WY,202108,1.0,0.6600719378173902
WY,202109,1.0,0.78796704408229
WY,202110,1.0,0.8738911074512963
WY,202111,1.0,0.8932336551112615
WY,202112,1.0,0.8659632134355562
WY,202201,1.0,0.8614422801472368
WY,202202,1.0,0.7960093582401798
WY,202203,1.0,0.8166298983249657
WY,202204,1.0,0.857752712742344
WY,202205,1.0,0.8772449418293536
WY,202206,1.0,0.8169510288113466
WY,202207,1.0,0.844151188606246
WY,202208,1.0,0.801305517310929
WY,202209,1.0,0.7747045012285315
WY,202210,1.0,0.754372090283085
WY,202211,1.0,0.7146494240767156
WY,202212,1.0,0.7133383895427966
WY,202301,1.0,0.7058525013593571
WY,202302,1.0,0.774887544177598
WY,202303,1.0,0.8308247975833218
WY,202304,1.0,0.7686853145736912
WY,202305,1.0,0.78269992158218
WY,202306,0.0,0.7389938389760615
WY,202307,0.0,0.6359798108634414
WY,202308,0.0,0.6712171552081859
WY,202309,0.0,0.6517552569255
WY,202310,0.0,0.6337980110167729
WY,202311,1.0,0.6475844528797384
WY,202312,1.0,0.5512266343681728
WY,202401,1.0,0.5651750540232361
WY,202402,1.0,0.6250521750448719
WY,202403,1.0,0.572005441310041
WY,202404,1.0,0.5631015012006153
WY,202405,0.0,0.6070922111864455
WY,202406,0.0,0.5405803950544615
WY,202407,0.0,0.6094493885914943
WY,202408,0.0,0.55484282578742
WY,202409,0.0,0.5148763314114382
