term,tfidf_weight_sum,rank,first_appearance,occurrence_count,unique_date_count,unique_dates
housing,536.9518553552984,1,2017-02,2269,95,"['2017-02', '2017-03', '2017-04', '2017-05', '2017-06', '2017-07', '2017-08', '2017-10', '2017-11', '2017-12', '2018-01', '2018-02', '2018-03', '2018-04', '2018-05', '2018-06', '2018-07', '2018-08', '2018-09', '2018-10', '2018-11', '2018-12', '2019-02', '2019-03', '2019-04', '2019-05', '2019-06', '2019-07', '2019-10', '2019-11', '2019-12', '2020-01', '2020-02', '2020-03', '2020-04', '2020-05', '2020-06', '2020-07', '2020-08', '2020-09', '2020-10', '2020-11', '2020-12', '2021-01', '2021-02', '2021-03', '2021-04', '2021-05', '2021-06', '2021-07', '2021-08', '2021-09', '2021-10', '2021-11', '2021-12', '2022-01', '2022-02', '2022-03', '2022-04', '2022-05', '2022-06', '2022-07', '2022-08', '2022-09', '2022-10', '2022-11', '2022-12', '2023-01', '2023-02', '2023-03', '2023-04', '2023-05', '2023-06', '2023-07', '2023-08', '2023-09', '2023-10', '2023-11', '2023-12', '2024-01', '2024-02', '2024-03', '2024-04', '2024-05', '2024-06', '2024-07', '2024-08', '2024-09', '2024-10', '2024-11', '2024-12', '2025-01', '2025-02', '2025-03', '2025-04']"
homeless,406.30007320671365,2,2017-02,1566,92,"['2017-02', '2017-03', '2017-04', '2017-05', '2017-08', '2017-09', '2017-11', '2017-12', '2018-01', '2018-02', '2018-03', '2018-04', '2018-05', '2018-06', '2018-07', '2018-08', '2018-09', '2018-10', '2018-11', '2018-12', '2019-01', '2019-02', '2019-04', '2019-05', '2019-06', '2019-07', '2019-10', '2019-11', '2019-12', '2020-01', '2020-02', '2020-03', '2020-04', '2020-05', '2020-06', '2020-07', '2020-08', '2020-09', '2020-10', '2020-11', '2020-12', '2021-01', '2021-02', '2021-03', '2021-04', '2021-05', '2021-06', '2021-07', '2021-08', '2021-09', '2021-10', '2021-11', '2021-12', '2022-01', '2022-02', '2022-03', '2022-04', '2022-05', '2022-06', '2022-07', '2022-08', '2022-09', '2022-10', '2022-11', '2022-12', '2023-01', '2023-02', '2023-03', '2023-04', '2023-05', '2023-06', '2023-07', '2023-08', '2023-09', '2023-10', '2023-11', '2023-12', '2024-01', '2024-02', '2024-03', '2024-04', '2024-05', '2024-06', '2024-07', '2024-08', '2024-09', '2024-10', '2024-11', '2024-12', '2025-01', '2025-02', '2025-03']"
people,300.95372554171655,3,2017-03,971,73,"['2017-03', '2017-04', '2017-08', '2017-11', '2017-12', '2018-04', '2018-07', '2018-10', '2018-11', '2018-12', '2020-01', '2020-02', '2020-03', '2020-04', '2020-05', '2020-06', '2020-07', '2020-08', '2020-09', '2020-10', '2020-11', '2020-12', '2021-01', '2021-02', '2021-03', '2021-04', '2021-05', '2021-06', '2021-07', '2021-08', '2021-09', '2021-10', '2021-11', '2021-12', '2022-01', '2022-02', '2022-03', '2022-04', '2022-06', '2022-07', '2022-08', '2022-09', '2022-10', '2022-11', '2022-12', '2023-01', '2023-02', '2023-03', '2023-04', '2023-05', '2023-06', '2023-07', '2023-08', '2023-09', '2023-10', '2023-11', '2023-12', '2024-01', '2024-02', '2024-03', '2024-04', '2024-05', '2024-06', '2024-07', '2024-08', '2024-09', '2024-10', '2024-11', '2024-12', '2025-01', '2025-02', '2025-03', '2025-04']"
rights,270.31192299140673,4,2017-04,849,72,"['2017-04', '2017-05', '2017-09', '2017-11', '2017-12', '2018-01', '2018-03', '2018-05', '2018-06', '2018-10', '2019-07', '2019-12', '2020-02', '2020-06', '2020-07', '2020-08', '2020-09', '2020-10', '2020-11', '2020-12', '2021-01', '2021-02', '2021-03', '2021-04', '2021-05', '2021-06', '2021-07', '2021-08', '2021-09', '2021-10', '2021-11', '2021-12', '2022-01', '2022-02', '2022-03', '2022-04', '2022-05', '2022-06', '2022-07', '2022-08', '2022-09', '2022-10', '2022-11', '2022-12', '2023-01', '2023-02', '2023-03', '2023-04', '2023-05', '2023-06', '2023-07', '2023-08', '2023-09', '2023-10', '2023-11', '2023-12', '2024-01', '2024-02', '2024-03', '2024-04', '2024-05', '2024-06', '2024-07', '2024-08', '2024-09', '2024-10', '2024-11', '2024-12', '2025-01', '2025-02', '2025-03', '2025-04']"
homelessness,265.18290842649094,5,2017-03,842,70,"['2017-03', '2017-07', '2017-08', '2017-09', '2017-12', '2018-01', '2018-03', '2018-04', '2018-05', '2018-06', '2018-12', '2019-11', '2020-01', '2020-03', '2020-06', '2020-07', '2020-08', '2020-09', '2020-10', '2020-11', '2020-12', '2021-02', '2021-03', '2021-04', '2021-05', '2021-06', '2021-07', '2021-08', '2021-11', '2021-12', '2022-01', '2022-02', '2022-03', '2022-04', '2022-05', '2022-06', '2022-07', '2022-08', '2022-09', '2022-10', '2022-11', '2022-12', '2023-01', '2023-02', '2023-03', '2023-04', '2023-05', '2023-06', '2023-07', '2023-08', '2023-09', '2023-10', '2023-11', '2023-12', '2024-01', '2024-02', '2024-03', '2024-04', '2024-05', '2024-06', '2024-07', '2024-08', '2024-09', '2024-10', '2024-11', '2024-12', '2025-01', '2025-02', '2025-03', '2025-04']"
affordable,229.7546649144996,6,2017-05,660,85,"['2017-05', '2017-07', '2017-08', '2017-10', '2017-11', '2017-12', '2018-01', '2018-02', '2018-03', '2018-05', '2018-06', '2018-07', '2018-08', '2018-12', '2019-02', '2019-03', '2019-04', '2019-06', '2019-07', '2019-10', '2019-11', '2019-12', '2020-01', '2020-02', '2020-03', '2020-05', '2020-06', '2020-07', '2020-08', '2020-09', '2020-10', '2020-11', '2020-12', '2021-01', '2021-02', '2021-03', '2021-04', '2021-05', '2021-06', '2021-07', '2021-08', '2021-09', '2021-10', '2021-11', '2021-12', '2022-01', '2022-02', '2022-03', '2022-04', '2022-05', '2022-06', '2022-07', '2022-08', '2022-09', '2022-10', '2022-11', '2022-12', '2023-01', '2023-02', '2023-03', '2023-04', '2023-05', '2023-06', '2023-07', '2023-08', '2023-09', '2023-10', '2023-11', '2023-12', '2024-01', '2024-02', '2024-03', '2024-04', '2024-05', '2024-06', '2024-07', '2024-08', '2024-09', '2024-10', '2024-11', '2024-12', '2025-01', '2025-02', '2025-03', '2025-04']"
city,221.2006027502705,7,2017-05,519,73,"['2017-05', '2017-08', '2018-04', '2018-05', '2018-07', '2018-08', '2018-10', '2018-12', '2019-06', '2019-09', '2019-11', '2019-12', '2020-01', '2020-02', '2020-05', '2020-06', '2020-07', '2020-08', '2020-09', '2020-10', '2020-11', '2020-12', '2021-01', '2021-02', '2021-03', '2021-04', '2021-05', '2021-06', '2021-07', '2021-08', '2021-09', '2021-10', '2021-11', '2021-12', '2022-01', '2022-02', '2022-03', '2022-04', '2022-05', '2022-06', '2022-07', '2022-08', '2022-09', '2022-10', '2022-11', '2022-12', '2023-01', '2023-02', '2023-03', '2023-04', '2023-05', '2023-06', '2023-07', '2023-08', '2023-09', '2023-10', '2023-11', '2023-12', '2024-01', '2024-02', '2024-03', '2024-04', '2024-05', '2024-06', '2024-07', '2024-08', '2024-09', '2024-10', '2024-12', '2025-01', '2025-02', '2025-03', '2025-04']"
rent,215.62681836865872,8,2017-05,474,82,"['2017-05', '2017-06', '2017-07', '2017-08', '2017-11', '2018-04', '2018-09', '2018-10', '2018-11', '2018-12', '2019-01', '2019-02', '2019-03', '2019-04', '2019-05', '2019-06', '2019-10', '2019-11', '2019-12', '2020-01', '2020-02', '2020-03', '2020-04', '2020-05', '2020-06', '2020-07', '2020-08', '2020-09', '2020-10', '2020-11', '2020-12', '2021-01', '2021-02', '2021-03', '2021-04', '2021-05', '2021-06', '2021-07', '2021-08', '2021-09', '2021-10', '2021-11', '2021-12', '2022-01', '2022-02', '2022-03', '2022-04', '2022-05', '2022-06', '2022-07', '2022-08', '2022-09', '2022-10', '2022-11', '2022-12', '2023-01', '2023-02', '2023-03', '2023-04', '2023-05', '2023-06', '2023-07', '2023-08', '2023-09', '2023-10', '2023-11', '2023-12', '2024-01', '2024-02', '2024-03', '2024-04', '2024-05', '2024-06', '2024-07', '2024-08', '2024-09', '2024-10', '2024-11', '2024-12', '2025-01', '2025-02', '2025-04']"
affordable housing,214.09313276110768,9,2017-05,593,85,"['2017-05', '2017-07', '2017-08', '2017-10', '2017-11', '2017-12', '2018-01', '2018-02', '2018-03', '2018-05', '2018-06', '2018-07', '2018-08', '2018-12', '2019-02', '2019-03', '2019-04', '2019-06', '2019-07', '2019-10', '2019-11', '2019-12', '2020-01', '2020-02', '2020-03', '2020-05', '2020-06', '2020-07', '2020-08', '2020-09', '2020-10', '2020-11', '2020-12', '2021-01', '2021-02', '2021-03', '2021-04', '2021-05', '2021-06', '2021-07', '2021-08', '2021-09', '2021-10', '2021-11', '2021-12', '2022-01', '2022-02', '2022-03', '2022-04', '2022-05', '2022-06', '2022-07', '2022-08', '2022-09', '2022-10', '2022-11', '2022-12', '2023-01', '2023-02', '2023-03', '2023-04', '2023-05', '2023-06', '2023-07', '2023-08', '2023-09', '2023-10', '2023-11', '2023-12', '2024-01', '2024-02', '2024-03', '2024-04', '2024-05', '2024-06', '2024-07', '2024-08', '2024-09', '2024-10', '2024-11', '2024-12', '2025-01', '2025-02', '2025-03', '2025-04']"
house,192.82105735745878,10,2017-02,395,73,"['2017-02', '2017-03', '2017-04', '2017-05', '2017-06', '2017-07', '2017-08', '2017-09', '2018-05', '2018-06', '2018-09', '2018-10', '2018-12', '2019-01', '2019-06', '2019-09', '2019-12', '2020-01', '2020-04', '2020-05', '2020-06', '2020-07', '2020-08', '2020-10', '2020-11', '2020-12', '2021-01', '2021-03', '2021-04', '2021-05', '2021-06', '2021-07', '2021-08', '2021-10', '2021-11', '2021-12', '2022-01', '2022-02', '2022-04', '2022-05', '2022-06', '2022-07', '2022-08', '2022-09', '2022-10', '2022-11', '2023-01', '2023-02', '2023-03', '2023-04', '2023-05', '2023-06', '2023-07', '2023-08', '2023-09', '2023-10', '2023-11', '2023-12', '2024-01', '2024-02', '2024-03', '2024-04', '2024-05', '2024-06', '2024-07', '2024-08', '2024-09', '2024-10', '2024-11', '2024-12', '2025-02', '2025-03', '2025-04']"
sweeps,192.4982774660978,11,2017-11,740,52,"['2017-11', '2020-06', '2020-10', '2020-11', '2020-12', '2021-01', '2021-02', '2021-03', '2021-04', '2021-05', '2021-06', '2021-07', '2021-08', '2021-09', '2021-10', '2021-12', '2022-01', '2022-02', '2022-03', '2022-04', '2022-05', '2022-06', '2022-07', '2022-08', '2022-09', '2022-10', '2022-11', '2023-01', '2023-02', '2023-03', '2023-04', '2023-05', '2023-06', '2023-07', '2023-08', '2023-09', '2023-10', '2023-11', '2023-12', '2024-01', '2024-02', '2024-04', '2024-06', '2024-07', '2024-08', '2024-09', '2024-10', '2024-11', '2024-12', '2025-01', '2025-02', '2025-03']"
encampments,189.73170015030468,12,2020-05,747,54,"['2020-05', '2020-06', '2020-07', '2020-09', '2020-10', '2020-11', '2020-12', '2021-01', '2021-02', '2021-03', '2021-04', '2021-05', '2021-06', '2021-07', '2021-08', '2021-09', '2021-10', '2021-12', '2022-01', '2022-02', '2022-03', '2022-04', '2022-05', '2022-06', '2022-07', '2022-08', '2022-09', '2022-10', '2022-11', '2023-01', '2023-02', '2023-03', '2023-04', '2023-05', '2023-06', '2023-07', '2023-08', '2023-09', '2023-10', '2023-11', '2023-12', '2024-01', '2024-02', '2024-03', '2024-04', '2024-06', '2024-07', '2024-08', '2024-09', '2024-10', '2024-11', '2024-12', '2025-01', '2025-02']"
homeless encampments,187.55757724733036,13,2020-05,742,53,"['2020-05', '2020-06', '2020-07', '2020-09', '2020-10', '2020-11', '2020-12', '2021-01', '2021-02', '2021-03', '2021-04', '2021-05', '2021-06', '2021-07', '2021-08', '2021-09', '2021-10', '2021-12', '2022-01', '2022-02', '2022-03', '2022-04', '2022-05', '2022-06', '2022-07', '2022-08', '2022-09', '2022-10', '2022-11', '2023-01', '2023-02', '2023-03', '2023-04', '2023-05', '2023-06', '2023-07', '2023-08', '2023-09', '2023-10', '2023-11', '2023-12', '2024-01', '2024-02', '2024-04', '2024-06', '2024-07', '2024-08', '2024-09', '2024-10', '2024-11', '2024-12', '2025-01', '2025-02']"
police,185.24328158032637,14,2017-03,524,64,"['2017-03', '2017-04', '2017-05', '2018-02', '2018-05', '2020-02', '2020-05', '2020-06', '2020-07', '2020-08', '2020-09', '2020-10', '2020-11', '2020-12', '2021-01', '2021-02', '2021-03', '2021-04', '2021-05', '2021-06', '2021-07', '2021-08', '2021-09', '2021-10', '2021-11', '2021-12', '2022-01', '2022-02', '2022-03', '2022-04', '2022-05', '2022-06', '2022-07', '2022-08', '2022-09', '2022-10', '2022-11', '2022-12', '2023-01', '2023-02', '2023-03', '2023-04', '2023-05', '2023-06', '2023-07', '2023-08', '2023-09', '2023-10', '2023-11', '2024-01', '2024-02', '2024-03', '2024-04', '2024-05', '2024-06', '2024-07', '2024-08', '2024-09', '2024-10', '2024-11', '2024-12', '2025-01', '2025-02', '2025-03']"
unhoused,178.33797169863698,15,2020-01,571,54,"['2020-01', '2020-02', '2020-05', '2020-06', '2020-07', '2020-08', '2020-10', '2020-11', '2020-12', '2021-01', '2021-02', '2021-03', '2021-05', '2021-06', '2021-07', '2021-08', '2021-09', '2021-10', '2021-11', '2021-12', '2022-01', '2022-02', '2022-03', '2022-04', '2022-06', '2022-07', '2022-08', '2022-09', '2022-10', '2022-11', '2022-12', '2023-01', '2023-02', '2023-03', '2023-04', '2023-05', '2023-06', '2023-07', '2023-08', '2023-09', '2023-11', '2023-12', '2024-03', '2024-04', '2024-05', '2024-06', '2024-07', '2024-08', '2024-09', '2024-11', '2024-12', '2025-01', '2025-02', '2025-03']"
eviction,177.9583280634049,16,2017-04,404,74,"['2017-04', '2017-06', '2017-07', '2017-08', '2017-11', '2018-04', '2018-07', '2018-12', '2019-03', '2019-06', '2019-07', '2019-11', '2019-12', '2020-01', '2020-04', '2020-05', '2020-06', '2020-07', '2020-08', '2020-09', '2020-10', '2020-11', '2020-12', '2021-01', '2021-02', '2021-03', '2021-04', '2021-05', '2021-06', '2021-07', '2021-08', '2021-09', '2021-10', '2021-11', '2021-12', '2022-01', '2022-02', '2022-03', '2022-04', '2022-05', '2022-06', '2022-07', '2022-08', '2022-09', '2022-10', '2022-11', '2022-12', '2023-01', '2023-02', '2023-03', '2023-04', '2023-05', '2023-06', '2023-07', '2023-08', '2023-09', '2023-10', '2023-11', '2023-12', '2024-01', '2024-03', '2024-04', '2024-05', '2024-06', '2024-07', '2024-08', '2024-09', '2024-10', '2024-11', '2024-12', '2025-01', '2025-02', '2025-03', '2025-04']"
evictions,173.22167180059938,17,2017-06,465,68,"['2017-06', '2017-10', '2017-11', '2017-12', '2018-01', '2018-05', '2018-11', '2018-12', '2019-12', '2020-03', '2020-05', '2020-06', '2020-07', '2020-08', '2020-09', '2020-10', '2020-11', '2020-12', '2021-01', '2021-02', '2021-03', '2021-04', '2021-05', '2021-06', '2021-07', '2021-08', '2021-09', '2021-10', '2021-11', '2021-12', '2022-01', '2022-02', '2022-03', '2022-04', '2022-05', '2022-06', '2022-08', '2022-09', '2022-10', '2022-11', '2022-12', '2023-01', '2023-02', '2023-03', '2023-04', '2023-05', '2023-06', '2023-07', '2023-08', '2023-09', '2023-10', '2023-11', '2023-12', '2024-01', '2024-02', '2024-03', '2024-04', '2024-05', '2024-06', '2024-07', '2024-08', '2024-09', '2024-10', '2024-11', '2024-12', '2025-01', '2025-03', '2025-04']"
tenants,159.5791865629085,18,2017-06,349,61,"['2017-06', '2017-07', '2019-06', '2019-10', '2019-12', '2020-06', '2020-07', '2020-08', '2020-09', '2020-10', '2020-12', '2021-01', '2021-02', '2021-03', '2021-04', '2021-05', '2021-06', '2021-07', '2021-08', '2021-09', '2021-10', '2021-11', '2021-12', '2022-01', '2022-02', '2022-03', '2022-04', '2022-05', '2022-06', '2022-07', '2022-08', '2022-09', '2022-10', '2022-11', '2022-12', '2023-01', '2023-02', '2023-03', '2023-04', '2023-05', '2023-06', '2023-07', '2023-08', '2023-09', '2023-10', '2023-11', '2023-12', '2024-01', '2024-02', '2024-03', '2024-04', '2024-05', '2024-06', '2024-07', '2024-08', '2024-09', '2024-10', '2024-11', '2024-12', '2025-01', '2025-03']"
pandemic,158.53712710190175,19,2020-03,500,29,"['2020-03', '2020-04', '2020-05', '2020-06', '2020-07', '2020-08', '2020-09', '2020-10', '2020-11', '2020-12', '2021-01', '2021-02', '2021-03', '2021-04', '2021-05', '2021-06', '2021-07', '2021-08', '2021-09', '2021-10', '2021-11', '2022-01', '2022-02', '2022-03', '2022-04', '2022-05', '2022-10', '2023-09', '2025-01']"
unhoused people,156.84106204126826,20,2020-01,499,47,"['2020-01', '2020-02', '2020-06', '2020-07', '2020-08', '2020-10', '2020-11', '2020-12', '2021-01', '2021-02', '2021-03', '2021-05', '2021-06', '2021-07', '2021-08', '2021-09', '2021-10', '2021-11', '2021-12', '2022-01', '2022-02', '2022-03', '2022-04', '2022-06', '2022-08', '2022-09', '2022-10', '2022-11', '2022-12', '2023-01', '2023-02', '2023-03', '2023-04', '2023-05', '2023-06', '2023-07', '2023-08', '2023-09', '2023-11', '2024-03', '2024-04', '2024-06', '2024-08', '2024-11', '2024-12', '2025-01', '2025-03']"
criminalization,153.1753271953475,21,2020-06,579,42,"['2020-06', '2020-07', '2020-08', '2020-09', '2020-10', '2020-11', '2020-12', '2021-05', '2021-07', '2021-12', '2022-02', '2022-03', '2022-04', '2022-05', '2022-06', '2022-07', '2022-08', '2022-09', '2022-10', '2022-12', '2023-01', '2023-02', '2023-03', '2023-04', '2023-05', '2023-06', '2023-07', '2023-08', '2023-09', '2023-11', '2024-01', '2024-02', '2024-04', '2024-06', '2024-07', '2024-08', '2024-09', '2024-10', '2024-11', '2024-12', '2025-01', '2025-02']"
coronavirus,146.48855021734437,22,2020-03,478,22,"['2020-03', '2020-04', '2020-05', '2020-06', '2020-07', '2020-08', '2020-09', '2020-10', '2020-11', '2020-12', '2021-01', '2021-02', '2021-03', '2021-04', '2021-05', '2021-06', '2021-07', '2021-08', '2021-09', '2021-10', '2021-11', '2022-01']"
criminalization homelessness,146.26303609528046,23,2020-06,560,42,"['2020-06', '2020-07', '2020-08', '2020-09', '2020-10', '2020-11', '2020-12', '2021-05', '2021-07', '2021-12', '2022-02', '2022-03', '2022-04', '2022-05', '2022-06', '2022-07', '2022-08', '2022-09', '2022-10', '2022-12', '2023-01', '2023-02', '2023-03', '2023-04', '2023-05', '2023-06', '2023-07', '2023-08', '2023-09', '2023-11', '2024-01', '2024-02', '2024-04', '2024-06', '2024-07', '2024-08', '2024-09', '2024-10', '2024-11', '2024-12', '2025-01', '2025-02']"
university,146.22767870055225,24,2017-05,281,52,"['2017-05', '2017-09', '2018-11', '2019-12', '2020-02', '2020-06', '2020-10', '2020-12', '2021-02', '2021-03', '2021-04', '2021-05', '2021-06', '2021-08', '2021-09', '2021-10', '2021-11', '2021-12', '2022-02', '2022-03', '2022-04', '2022-05', '2022-06', '2022-08', '2022-09', '2022-10', '2022-11', '2022-12', '2023-01', '2023-02', '2023-03', '2023-04', '2023-05', '2023-06', '2023-07', '2023-08', '2023-09', '2023-10', '2023-11', '2024-02', '2024-03', '2024-04', '2024-05', '2024-06', '2024-07', '2024-08', '2024-09', '2024-10', '2025-01', '2025-02', '2025-03', '2025-04']"
support,145.7568428344866,25,2017-02,330,73,"['2017-02', '2017-04', '2017-05', '2017-06', '2018-01', '2018-05', '2018-06', '2018-09', '2018-10', '2019-01', '2019-05', '2019-11', '2019-12', '2020-01', '2020-02', '2020-03', '2020-05', '2020-06', '2020-07', '2020-08', '2020-09', '2020-10', '2020-11', '2020-12', '2021-01', '2021-02', '2021-03', '2021-04', '2021-05', '2021-06', '2021-07', '2021-08', '2021-09', '2021-10', '2021-11', '2021-12', '2022-01', '2022-02', '2022-03', '2022-04', '2022-05', '2022-06', '2022-07', '2022-08', '2022-09', '2022-10', '2022-12', '2023-01', '2023-02', '2023-03', '2023-04', '2023-05', '2023-06', '2023-07', '2023-08', '2023-09', '2023-10', '2023-11', '2023-12', '2024-01', '2024-02', '2024-03', '2024-04', '2024-05', '2024-07', '2024-08', '2024-09', '2024-10', '2024-11', '2024-12', '2025-01', '2025-02', '2025-04']"
local,143.860747182453,26,2017-07,473,47,"['2017-07', '2017-11', '2018-02', '2018-04', '2018-07', '2020-04', '2020-05', '2020-06', '2020-07', '2020-08', '2020-10', '2020-12', '2021-01', '2021-03', '2021-04', '2021-09', '2021-10', '2021-12', '2022-02', '2022-04', '2022-05', '2022-07', '2022-09', '2022-10', '2022-12', '2023-01', '2023-04', '2023-05', '2023-06', '2023-07', '2023-08', '2023-09', '2023-10', '2023-11', '2024-01', '2024-02', '2024-03', '2024-04', '2024-05', '2024-07', '2024-08', '2024-09', '2024-10', '2024-11', '2024-12', '2025-01', '2025-02']"
state,141.29124999151125,27,2017-08,358,58,"['2017-08', '2018-06', '2019-12', '2020-05', '2020-06', '2020-07', '2020-10', '2020-11', '2020-12', '2021-01', '2021-02', '2021-03', '2021-04', '2021-05', '2021-06', '2021-07', '2021-08', '2021-09', '2021-10', '2021-11', '2021-12', '2022-02', '2022-03', '2022-04', '2022-05', '2022-06', '2022-07', '2022-08', '2022-09', '2022-10', '2022-11', '2022-12', '2023-01', '2023-02', '2023-03', '2023-04', '2023-05', '2023-06', '2023-07', '2023-08', '2023-09', '2023-10', '2023-11', '2023-12', '2024-01', '2024-02', '2024-03', '2024-04', '2024-06', '2024-07', '2024-08', '2024-09', '2024-10', '2024-11', '2025-01', '2025-02', '2025-03', '2025-04']"
coronavirus pandemic,139.97693343297942,28,2020-03,457,22,"['2020-03', '2020-04', '2020-05', '2020-06', '2020-07', '2020-08', '2020-09', '2020-10', '2020-11', '2020-12', '2021-01', '2021-02', '2021-03', '2021-04', '2021-05', '2021-06', '2021-07', '2021-08', '2021-09', '2021-10', '2021-11', '2022-01']"
new,134.97411531334657,29,2017-04,283,65,"['2017-04', '2017-05', '2017-08', '2017-12', '2018-01', '2018-02', '2018-03', '2018-04', '2018-05', '2018-06', '2019-01', '2019-12', '2020-01', '2020-04', '2020-06', '2020-09', '2020-10', '2020-11', '2021-01', '2021-02', '2021-03', '2021-04', '2021-05', '2021-06', '2021-07', '2021-08', '2021-09', '2021-10', '2021-12', '2022-01', '2022-02', '2022-03', '2022-04', '2022-05', '2022-06', '2022-07', '2022-08', '2022-09', '2022-10', '2022-11', '2022-12', '2023-01', '2023-02', '2023-03', '2023-04', '2023-05', '2023-06', '2023-08', '2023-09', '2023-10', '2023-11', '2023-12', '2024-02', '2024-03', '2024-04', '2024-06', '2024-08', '2024-09', '2024-10', '2024-11', '2024-12', '2025-01', '2025-02', '2025-03', '2025-04']"
public,128.09455477560078,30,2017-05,352,60,"['2017-05', '2017-07', '2018-02', '2018-03', '2018-08', '2019-05', '2019-10', '2020-04', '2020-07', '2020-09', '2020-10', '2020-11', '2021-01', '2021-02', '2021-03', '2021-04', '2021-05', '2021-06', '2021-07', '2021-08', '2021-09', '2021-10', '2021-11', '2021-12', '2022-01', '2022-02', '2022-03', '2022-04', '2022-05', '2022-06', '2022-07', '2022-08', '2022-09', '2022-10', '2022-11', '2022-12', '2023-01', '2023-02', '2023-03', '2023-04', '2023-05', '2023-06', '2023-07', '2023-08', '2023-09', '2023-10', '2023-11', '2023-12', '2024-01', '2024-02', '2024-03', '2024-04', '2024-05', '2024-07', '2024-08', '2024-09', '2024-12', '2025-01', '2025-02', '2025-03']"
shelter,124.46398113165142,31,2017-05,406,65,"['2017-05', '2017-08', '2017-12', '2018-01', '2018-03', '2018-04', '2018-05', '2018-06', '2018-09', '2018-10', '2018-11', '2018-12', '2019-10', '2019-11', '2020-01', '2020-04', '2020-06', '2020-08', '2020-10', '2020-11', '2020-12', '2021-01', '2021-02', '2021-03', '2021-04', '2021-05', '2021-07', '2021-08', '2021-09', '2021-10', '2021-11', '2022-01', '2022-02', '2022-03', '2022-08', '2022-09', '2022-10', '2022-11', '2022-12', '2023-01', '2023-02', '2023-03', '2023-05', '2023-06', '2023-07', '2023-08', '2023-09', '2023-10', '2023-11', '2023-12', '2024-01', '2024-02', '2024-03', '2024-04', '2024-05', '2024-06', '2024-07', '2024-08', '2024-09', '2024-10', '2024-11', '2024-12', '2025-01', '2025-02', '2025-03']"
community,122.34424947080129,32,2017-07,508,56,"['2017-07', '2017-12', '2019-12', '2020-05', '2020-06', '2020-07', '2020-08', '2020-10', '2020-11', '2020-12', '2021-01', '2021-02', '2021-03', '2021-04', '2021-05', '2021-06', '2021-07', '2021-08', '2021-09', '2021-10', '2021-11', '2021-12', '2022-02', '2022-03', '2022-04', '2022-05', '2022-06', '2022-07', '2022-09', '2022-10', '2022-11', '2022-12', '2023-01', '2023-02', '2023-03', '2023-04', '2023-05', '2023-06', '2023-07', '2023-09', '2023-10', '2023-11', '2023-12', '2024-02', '2024-03', '2024-04', '2024-05', '2024-07', '2024-08', '2024-09', '2024-10', '2024-11', '2024-12', '2025-01', '2025-02', '2025-03']"
gentrification,120.89502633126037,33,2017-06,217,50,"['2017-06', '2019-10', '2020-07', '2020-09', '2020-11', '2020-12', '2021-02', '2021-03', '2021-04', '2021-05', '2021-06', '2021-08', '2021-09', '2021-10', '2021-11', '2021-12', '2022-01', '2022-02', '2022-03', '2022-04', '2022-05', '2022-06', '2022-07', '2022-08', '2022-09', '2022-10', '2022-11', '2023-01', '2023-02', '2023-03', '2023-04', '2023-05', '2023-06', '2023-07', '2023-08', '2023-10', '2023-12', '2024-01', '2024-02', '2024-03', '2024-04', '2024-05', '2024-06', '2024-07', '2024-08', '2024-09', '2024-10', '2024-11', '2024-12', '2025-01']"
sweeps homeless,119.39091431313085,34,2020-06,357,50,"['2020-06', '2020-10', '2020-11', '2020-12', '2021-01', '2021-02', '2021-03', '2021-04', '2021-05', '2021-06', '2021-07', '2021-08', '2021-09', '2021-10', '2021-12', '2022-01', '2022-02', '2022-03', '2022-04', '2022-05', '2022-06', '2022-07', '2022-08', '2022-09', '2022-10', '2022-11', '2023-01', '2023-02', '2023-03', '2023-04', '2023-05', '2023-06', '2023-07', '2023-08', '2023-09', '2023-10', '2023-11', '2023-12', '2024-01', '2024-02', '2024-04', '2024-06', '2024-07', '2024-08', '2024-09', '2024-10', '2024-11', '2024-12', '2025-01', '2025-02']"
workers,118.76244485023811,35,2018-10,258,52,"['2018-10', '2020-06', '2020-10', '2020-11', '2021-01', '2021-02', '2021-03', '2021-04', '2021-05', '2021-06', '2021-08', '2021-09', '2021-12', '2022-01', '2022-02', '2022-03', '2022-04', '2022-05', '2022-06', '2022-07', '2022-08', '2022-10', '2022-11', '2022-12', '2023-01', '2023-02', '2023-03', '2023-04', '2023-05', '2023-06', '2023-07', '2023-08', '2023-09', '2023-10', '2023-11', '2023-12', '2024-01', '2024-02', '2024-03', '2024-04', '2024-05', '2024-06', '2024-07', '2024-08', '2024-09', '2024-10', '2024-11', '2024-12', '2025-01', '2025-02', '2025-03', '2025-04']"
sweeps homeless encampments,118.01019913746549,36,2020-06,354,50,"['2020-06', '2020-10', '2020-11', '2020-12', '2021-01', '2021-02', '2021-03', '2021-04', '2021-05', '2021-06', '2021-07', '2021-08', '2021-09', '2021-10', '2021-12', '2022-01', '2022-02', '2022-03', '2022-04', '2022-05', '2022-06', '2022-07', '2022-08', '2022-09', '2022-10', '2022-11', '2023-01', '2023-02', '2023-03', '2023-04', '2023-05', '2023-06', '2023-07', '2023-08', '2023-09', '2023-10', '2023-11', '2023-12', '2024-01', '2024-02', '2024-04', '2024-06', '2024-07', '2024-08', '2024-09', '2024-10', '2024-11', '2024-12', '2025-01', '2025-02']"
racism,116.97280417780883,37,2018-06,388,48,"['2018-06', '2019-12', '2020-02', '2020-03', '2020-06', '2020-07', '2020-08', '2020-09', '2020-10', '2020-11', '2020-12', '2021-01', '2021-02', '2021-03', '2021-04', '2021-05', '2021-06', '2021-07', '2021-08', '2021-09', '2021-12', '2022-01', '2022-02', '2022-03', '2022-04', '2022-05', '2022-07', '2022-08', '2022-10', '2022-12', '2023-01', '2023-02', '2023-03', '2023-04', '2023-05', '2023-06', '2023-07', '2023-08', '2023-09', '2023-12', '2024-02', '2024-03', '2024-07', '2024-08', '2024-09', '2024-10', '2024-11', '2025-01']"
justice,113.86665035411721,38,2017-04,260,60,"['2017-04', '2019-07', '2020-02', '2020-03', '2020-06', '2020-07', '2020-08', '2020-09', '2020-10', '2020-11', '2021-01', '2021-02', '2021-04', '2021-05', '2021-06', '2021-07', '2021-08', '2021-09', '2021-10', '2021-11', '2021-12', '2022-01', '2022-02', '2022-03', '2022-04', '2022-05', '2022-06', '2022-07', '2022-08', '2022-09', '2022-10', '2022-11', '2022-12', '2023-01', '2023-02', '2023-03', '2023-04', '2023-05', '2023-06', '2023-07', '2023-08', '2023-09', '2023-10', '2023-12', '2024-01', '2024-02', '2024-03', '2024-04', '2024-05', '2024-06', '2024-07', '2024-08', '2024-09', '2024-10', '2024-11', '2024-12', '2025-01', '2025-02', '2025-03', '2025-04']"
rally,112.41131549333274,39,2017-04,275,61,"['2017-04', '2017-07', '2017-08', '2017-09', '2017-10', '2017-11', '2018-06', '2018-07', '2018-08', '2018-11', '2021-01', '2021-02', '2021-03', '2021-04', '2021-05', '2021-06', '2021-07', '2021-08', '2021-09', '2021-10', '2021-11', '2021-12', '2022-01', '2022-03', '2022-04', '2022-05', '2022-06', '2022-07', '2022-08', '2022-09', '2022-10', '2022-11', '2022-12', '2023-01', '2023-02', '2023-03', '2023-04', '2023-05', '2023-06', '2023-07', '2023-08', '2023-09', '2023-10', '2023-11', '2023-12', '2024-01', '2024-02', '2024-03', '2024-04', '2024-05', '2024-06', '2024-07', '2024-08', '2024-09', '2024-10', '2024-11', '2024-12', '2025-01', '2025-02', '2025-03', '2025-04']"
local homeless,108.40697909117375,40,2018-02,379,16,"['2018-02', '2020-06', '2020-07', '2020-12', '2021-03', '2022-12', '2023-06', '2023-08', '2023-10', '2024-01', '2024-07', '2024-08', '2024-09', '2024-10', '2024-11', '2024-12']"
encampments criminalization,105.09500210876995,41,2022-09,371,13,"['2022-09', '2023-03', '2023-05', '2023-08', '2023-09', '2023-11', '2024-02', '2024-06', '2024-08', '2024-09', '2024-10', '2024-11', '2024-12']"
homeless encampments criminalization,105.09500210876995,42,2022-09,371,13,"['2022-09', '2023-03', '2023-05', '2023-08', '2023-09', '2023-11', '2024-02', '2024-06', '2024-08', '2024-09', '2024-10', '2024-11', '2024-12']"
encampments criminalization homelessness,105.09500210876995,43,2022-09,371,13,"['2022-09', '2023-03', '2023-05', '2023-08', '2023-09', '2023-11', '2024-02', '2024-06', '2024-08', '2024-09', '2024-10', '2024-11', '2024-12']"
local homeless encampments,103.84646377798529,44,2021-03,365,7,"['2021-03', '2023-06', '2024-08', '2024-09', '2024-10', '2024-11', '2024-12']"
sweeps local,103.84646377798529,45,2021-03,365,7,"['2021-03', '2023-06', '2024-08', '2024-09', '2024-10', '2024-11', '2024-12']"
sweeps local homeless,103.84646377798529,46,2021-03,365,7,"['2021-03', '2023-06', '2024-08', '2024-09', '2024-10', '2024-11', '2024-12']"
services,100.84843361921233,47,2018-09,330,43,"['2018-09', '2018-10', '2020-02', '2020-07', '2020-11', '2021-02', '2021-03', '2021-04', '2021-05', '2021-06', '2021-07', '2021-12', '2022-01', '2022-02', '2022-03', '2022-04', '2022-05', '2022-06', '2022-09', '2022-10', '2022-11', '2022-12', '2023-01', '2023-02', '2023-03', '2023-04', '2023-05', '2023-06', '2023-08', '2023-09', '2024-01', '2024-02', '2024-03', '2024-04', '2024-05', '2024-06', '2024-08', '2024-10', '2024-11', '2025-01', '2025-02', '2025-03', '2025-04']"
day,99.59132500077446,48,2017-05,184,40,"['2017-05', '2017-07', '2019-01', '2021-01', '2021-03', '2021-05', '2021-06', '2021-09', '2021-12', '2022-01', '2022-03', '2022-05', '2022-07', '2022-10', '2022-12', '2023-01', '2023-03', '2023-04', '2023-05', '2023-06', '2023-08', '2023-09', '2023-10', '2023-11', '2023-12', '2024-01', '2024-02', '2024-03', '2024-04', '2024-05', '2024-07', '2024-08', '2024-09', '2024-10', '2024-11', '2024-12', '2025-01', '2025-02', '2025-03', '2025-04']"
camp,99.37146252746281,49,2017-02,277,28,"['2017-02', '2018-11', '2018-12', '2019-06', '2020-08', '2021-02', '2021-03', '2021-05', '2021-07', '2021-09', '2022-02', '2022-07', '2022-11', '2022-12', '2023-01', '2023-02', '2023-03', '2023-04', '2023-05', '2023-09', '2023-10', '2023-11', '2023-12', '2024-01', '2024-06', '2024-07', '2024-08', '2024-10']"
mayor,98.52857102081767,50,2018-12,361,48,"['2018-12', '2019-06', '2020-03', '2020-06', '2020-09', '2020-11', '2020-12', '2021-01', '2021-02', '2021-04', '2021-07', '2021-08', '2021-09', '2021-10', '2022-01', '2022-02', '2022-03', '2022-04', '2022-05', '2022-06', '2022-07', '2022-08', '2022-09', '2023-02', '2023-03', '2023-04', '2023-05', '2023-06', '2023-07', '2023-08', '2023-09', '2023-10', '2023-11', '2023-12', '2024-01', '2024-02', '2024-03', '2024-04', '2024-05', '2024-06', '2024-07', '2024-09', '2024-10', '2024-11', '2024-12', '2025-01', '2025-02', '2025-04']"
apartments,97.52555612968122,51,2017-10,173,54,"['2017-10', '2017-11', '2018-07', '2019-06', '2019-10', '2020-01', '2020-06', '2020-07', '2020-11', '2021-01', '2021-02', '2021-03', '2021-04', '2021-05', '2021-07', '2021-08', '2021-09', '2021-10', '2021-11', '2021-12', '2022-01', '2022-02', '2022-03', '2022-04', '2022-05', '2022-06', '2022-07', '2022-08', '2022-09', '2022-10', '2022-11', '2023-01', '2023-02', '2023-03', '2023-04', '2023-05', '2023-06', '2023-07', '2023-08', '2023-09', '2023-10', '2023-11', '2023-12', '2024-01', '2024-02', '2024-03', '2024-04', '2024-07', '2024-08', '2024-09', '2024-10', '2024-11', '2024-12', '2025-03']"
legislation,91.99493887967282,52,2020-01,224,49,"['2020-01', '2020-07', '2020-12', '2021-03', '2021-04', '2021-05', '2021-06', '2021-07', '2021-08', '2021-09', '2021-10', '2021-11', '2021-12', '2022-02', '2022-03', '2022-04', '2022-05', '2022-06', '2022-07', '2022-08', '2022-09', '2022-10', '2022-11', '2022-12', '2023-01', '2023-02', '2023-03', '2023-04', '2023-05', '2023-06', '2023-07', '2023-08', '2023-09', '2023-10', '2023-11', '2023-12', '2024-01', '2024-02', '2024-03', '2024-04', '2024-06', '2024-07', '2024-08', '2024-09', '2024-10', '2024-12', '2025-01', '2025-02', '2025-03']"
living,90.72898795681598,53,2017-05,209,56,"['2017-05', '2017-11', '2018-06', '2018-07', '2018-11', '2020-01', '2020-03', '2020-09', '2020-10', '2020-11', '2020-12', '2021-01', '2021-02', '2021-03', '2021-04', '2021-06', '2021-07', '2021-08', '2021-10', '2021-11', '2021-12', '2022-01', '2022-02', '2022-03', '2022-04', '2022-05', '2022-06', '2022-07', '2022-08', '2022-09', '2022-10', '2022-11', '2022-12', '2023-02', '2023-03', '2023-05', '2023-06', '2023-07', '2023-08', '2023-09', '2023-10', '2023-11', '2024-01', '2024-02', '2024-03', '2024-04', '2024-05', '2024-06', '2024-07', '2024-08', '2024-09', '2024-10', '2024-11', '2024-12', '2025-01', '2025-02']"
action,88.95186371370278,54,2017-07,367,52,"['2017-07', '2018-07', '2019-12', '2020-02', '2020-07', '2020-08', '2020-10', '2020-11', '2021-01', '2021-02', '2021-03', '2021-04', '2021-06', '2021-08', '2021-09', '2021-10', '2021-11', '2021-12', '2022-01', '2022-02', '2022-03', '2022-04', '2022-05', '2022-07', '2022-08', '2022-09', '2022-10', '2022-11', '2022-12', '2023-02', '2023-03', '2023-04', '2023-05', '2023-06', '2023-09', '2023-10', '2023-11', '2023-12', '2024-01', '2024-02', '2024-03', '2024-04', '2024-05', '2024-06', '2024-07', '2024-08', '2024-09', '2024-10', '2024-11', '2025-01', '2025-02', '2025-04']"
park,88.76597183253027,55,2018-11,160,52,"['2018-11', '2019-06', '2020-09', '2020-11', '2020-12', '2021-01', '2021-02', '2021-03', '2021-04', '2021-06', '2021-07', '2021-08', '2021-09', '2021-10', '2021-11', '2021-12', '2022-02', '2022-04', '2022-05', '2022-06', '2022-07', '2022-08', '2022-09', '2022-10', '2022-11', '2022-12', '2023-01', '2023-02', '2023-03', '2023-04', '2023-05', '2023-06', '2023-07', '2023-08', '2023-09', '2023-10', '2023-11', '2023-12', '2024-01', '2024-02', '2024-03', '2024-04', '2024-05', '2024-06', '2024-07', '2024-08', '2024-09', '2024-11', '2024-12', '2025-01', '2025-03', '2025-04']"
liberation,87.88846916648865,56,2020-11,239,25,"['2020-11', '2022-08', '2023-02', '2023-03', '2023-04', '2023-05', '2023-06', '2023-08', '2023-10', '2023-11', '2023-12', '2024-01', '2024-02', '2024-03', '2024-04', '2024-05', '2024-06', '2024-07', '2024-08', '2024-09', '2024-10', '2024-11', '2024-12', '2025-01', '2025-02']"
remembrance,85.13120047045368,57,2017-12,140,35,"['2017-12', '2021-04', '2021-05', '2021-07', '2021-09', '2021-10', '2021-12', '2022-02', '2022-03', '2022-04', '2022-06', '2022-08', '2022-09', '2022-10', '2022-11', '2022-12', '2023-01', '2023-02', '2023-03', '2023-04', '2023-05', '2023-08', '2023-10', '2023-11', '2023-12', '2024-01', '2024-02', '2024-03', '2024-07', '2024-08', '2024-09', '2024-10', '2024-11', '2024-12', '2025-01']"
building,85.09288372300507,58,2018-06,262,38,"['2018-06', '2018-12', '2019-11', '2020-06', '2020-12', '2021-01', '2021-03', '2021-04', '2021-06', '2021-09', '2022-05', '2022-06', '2022-07', '2022-09', '2022-10', '2022-11', '2022-12', '2023-01', '2023-02', '2023-03', '2023-04', '2023-05', '2023-06', '2023-07', '2023-08', '2023-09', '2023-10', '2024-01', '2024-02', '2024-03', '2024-04', '2024-07', '2024-08', '2024-09', '2024-11', '2025-01', '2025-02', '2025-04']"
moratorium,84.49168098433076,59,2017-07,270,34,"['2017-07', '2020-03', '2020-05', '2020-06', '2020-07', '2020-08', '2020-09', '2020-10', '2020-11', '2020-12', '2021-01', '2021-02', '2021-03', '2021-04', '2021-05', '2021-06', '2021-07', '2021-08', '2021-09', '2021-10', '2021-11', '2021-12', '2022-01', '2022-07', '2022-08', '2022-10', '2023-02', '2023-03', '2023-04', '2023-09', '2023-10', '2024-02', '2024-10', '2025-01']"
funding,84.46131113295611,60,2018-03,208,54,"['2018-03', '2018-04', '2018-06', '2019-01', '2019-12', '2020-06', '2020-07', '2020-11', '2021-02', '2021-03', '2021-04', '2021-05', '2021-06', '2021-08', '2021-09', '2021-10', '2021-11', '2021-12', '2022-02', '2022-03', '2022-04', '2022-05', '2022-06', '2022-07', '2022-08', '2022-09', '2022-10', '2022-11', '2022-12', '2023-01', '2023-02', '2023-03', '2023-04', '2023-05', '2023-06', '2023-07', '2023-08', '2023-09', '2023-10', '2023-11', '2024-01', '2024-02', '2024-03', '2024-04', '2024-05', '2024-06', '2024-07', '2024-09', '2024-10', '2024-11', '2025-01', '2025-02', '2025-03', '2025-04']"
palestinian,83.68742336767048,61,2023-10,218,17,"['2023-10', '2023-11', '2023-12', '2024-01', '2024-02', '2024-03', '2024-04', '2024-05', '2024-06', '2024-07', '2024-08', '2024-09', '2024-10', '2024-11', '2024-12', '2025-01', '2025-02']"
proposed,80.88824987353746,62,2017-02,285,54,"['2017-02', '2017-04', '2017-07', '2017-08', '2018-01', '2018-05', '2018-06', '2018-09', '2018-10', '2020-07', '2020-08', '2020-09', '2020-11', '2021-01', '2021-03', '2021-04', '2021-05', '2021-08', '2021-09', '2021-10', '2022-01', '2022-03', '2022-04', '2022-06', '2022-07', '2022-08', '2022-09', '2022-10', '2022-11', '2022-12', '2023-01', '2023-02', '2023-03', '2023-04', '2023-05', '2023-06', '2023-07', '2023-09', '2023-10', '2024-01', '2024-02', '2024-03', '2024-04', '2024-05', '2024-06', '2024-07', '2024-08', '2024-09', '2024-10', '2024-11', '2024-12', '2025-01', '2025-02', '2025-03']"
care,80.66620448283976,63,2017-05,187,44,"['2017-05', '2018-05', '2020-07', '2021-01', '2021-02', '2021-03', '2021-04', '2021-06', '2021-07', '2021-09', '2021-10', '2021-12', '2022-03', '2022-04', '2022-05', '2022-06', '2022-08', '2022-09', '2022-10', '2022-11', '2022-12', '2023-01', '2023-02', '2023-03', '2023-04', '2023-05', '2023-06', '2023-07', '2023-08', '2023-11', '2024-01', '2024-02', '2024-04', '2024-05', '2024-06', '2024-07', '2024-08', '2024-09', '2024-10', '2024-11', '2025-01', '2025-02', '2025-03', '2025-04']"
palestinian liberation,80.42847790039595,64,2023-10,218,17,"['2023-10', '2023-11', '2023-12', '2024-01', '2024-02', '2024-03', '2024-04', '2024-05', '2024-06', '2024-07', '2024-08', '2024-09', '2024-10', '2024-11', '2024-12', '2025-01', '2025-02']"
health,80.21022024745253,65,2017-02,201,48,"['2017-02', '2017-05', '2018-05', '2019-02', '2020-02', '2020-03', '2020-07', '2021-01', '2021-03', '2021-04', '2021-05', '2021-06', '2021-07', '2021-09', '2021-10', '2021-12', '2022-01', '2022-04', '2022-05', '2022-06', '2022-08', '2022-09', '2022-10', '2022-12', '2023-01', '2023-02', '2023-03', '2023-04', '2023-05', '2023-06', '2023-07', '2023-08', '2023-11', '2024-01', '2024-03', '2024-04', '2024-05', '2024-06', '2024-07', '2024-08', '2024-09', '2024-10', '2024-11', '2024-12', '2025-01', '2025-02', '2025-03', '2025-04']"
displacement,79.90719868859256,66,2020-07,177,48,"['2020-07', '2020-10', '2020-11', '2021-01', '2021-03', '2021-05', '2021-06', '2021-08', '2021-09', '2021-10', '2021-11', '2021-12', '2022-01', '2022-02', '2022-03', '2022-04', '2022-05', '2022-06', '2022-07', '2022-08', '2022-09', '2022-10', '2022-11', '2022-12', '2023-01', '2023-02', '2023-03', '2023-04', '2023-05', '2023-06', '2023-07', '2023-08', '2023-09', '2023-10', '2023-11', '2023-12', '2024-01', '2024-03', '2024-04', '2024-05', '2024-06', '2024-07', '2024-08', '2024-09', '2024-10', '2024-11', '2024-12', '2025-01']"
conditions,79.80770083250479,67,2017-08,149,59,"['2017-08', '2017-11', '2018-02', '2018-03', '2018-07', '2018-11', '2018-12', '2019-04', '2020-01', '2020-03', '2020-06', '2020-10', '2020-11', '2020-12', '2021-01', '2021-02', '2021-03', '2021-04', '2021-05', '2021-07', '2021-08', '2021-10', '2021-11', '2021-12', '2022-01', '2022-03', '2022-04', '2022-05', '2022-06', '2022-07', '2022-08', '2022-09', '2022-10', '2022-11', '2022-12', '2023-01', '2023-02', '2023-03', '2023-04', '2023-05', '2023-06', '2023-07', '2023-08', '2023-09', '2023-10', '2023-11', '2024-02', '2024-03', '2024-04', '2024-05', '2024-06', '2024-07', '2024-08', '2024-09', '2024-10', '2024-11', '2025-01', '2025-02', '2025-04']"
encampment,78.6006563224229,68,2018-04,142,48,"['2018-04', '2018-05', '2018-09', '2018-12', '2020-01', '2020-04', '2020-05', '2020-07', '2020-11', '2020-12', '2021-01', '2021-02', '2021-03', '2021-04', '2021-05', '2021-06', '2021-07', '2021-08', '2021-09', '2021-10', '2021-11', '2022-01', '2022-02', '2022-03', '2022-04', '2022-05', '2022-06', '2022-07', '2022-08', '2022-09', '2022-10', '2022-11', '2022-12', '2023-02', '2023-03', '2023-08', '2023-09', '2023-10', '2023-11', '2024-01', '2024-02', '2024-06', '2024-07', '2024-08', '2024-09', '2024-10', '2024-11', '2025-01']"
right,78.0596546215347,69,2018-11,196,38,"['2018-11', '2020-06', '2020-08', '2020-10', '2021-02', '2021-03', '2021-04', '2021-05', '2021-06', '2021-07', '2022-03', '2022-04', '2022-05', '2022-06', '2022-08', '2022-09', '2022-10', '2022-11', '2022-12', '2023-01', '2023-02', '2023-03', '2023-04', '2023-05', '2023-06', '2023-08', '2023-09', '2023-10', '2023-12', '2024-03', '2024-04', '2024-05', '2024-08', '2024-09', '2024-10', '2024-11', '2025-01', '2025-03']"
planned,76.39247625572153,70,2017-08,157,42,"['2017-08', '2018-08', '2018-12', '2021-01', '2021-02', '2021-03', '2021-04', '2021-05', '2021-06', '2021-07', '2021-08', '2021-10', '2021-11', '2021-12', '2022-01', '2022-02', '2022-03', '2022-04', '2022-05', '2022-07', '2022-08', '2022-09', '2022-10', '2022-11', '2022-12', '2023-01', '2023-02', '2023-03', '2023-05', '2023-06', '2023-08', '2023-09', '2023-10', '2023-11', '2023-12', '2024-01', '2024-03', '2024-04', '2024-06', '2024-07', '2024-11', '2024-12']"
construction,75.3758173400531,71,2017-02,138,50,"['2017-02', '2018-05', '2018-06', '2018-08', '2018-09', '2018-12', '2019-10', '2020-10', '2020-11', '2020-12', '2021-01', '2021-03', '2021-04', '2021-05', '2021-07', '2021-09', '2021-10', '2021-11', '2022-01', '2022-02', '2022-03', '2022-04', '2022-05', '2022-06', '2022-07', '2022-08', '2022-09', '2022-10', '2022-11', '2023-01', '2023-02', '2023-03', '2023-04', '2023-05', '2023-06', '2023-08', '2023-09', '2023-10', '2023-11', '2024-01', '2024-02', '2024-03', '2024-04', '2024-06', '2024-07', '2024-08', '2024-09', '2024-11', '2024-12', '2025-03']"
education,73.28981322017285,72,2017-02,181,49,"['2017-02', '2018-06', '2019-04', '2020-06', '2020-07', '2020-08', '2020-09', '2020-10', '2021-01', '2021-02', '2021-03', '2021-04', '2021-05', '2021-07', '2021-09', '2021-10', '2021-11', '2021-12', '2022-03', '2022-04', '2022-05', '2022-06', '2022-07', '2022-08', '2022-09', '2022-10', '2022-11', '2022-12', '2023-01', '2023-02', '2023-03', '2023-04', '2023-05', '2023-06', '2023-07', '2023-09', '2023-11', '2023-12', '2024-02', '2024-03', '2024-04', '2024-05', '2024-06', '2024-08', '2024-09', '2024-11', '2025-01', '2025-02', '2025-03']"
housing rights,72.05646696587701,73,2018-01,147,29,"['2018-01', '2018-05', '2018-06', '2020-06', '2020-07', '2020-08', '2020-09', '2020-10', '2020-11', '2020-12', '2021-01', '2021-02', '2021-03', '2021-04', '2021-05', '2021-06', '2021-08', '2021-10', '2021-12', '2022-02', '2023-04', '2023-12', '2024-01', '2024-03', '2024-04', '2024-08', '2024-09', '2024-11', '2025-04']"
homeless encampment,71.49538416846536,74,2018-04,129,44,"['2018-04', '2018-09', '2018-12', '2020-01', '2020-04', '2020-05', '2020-07', '2020-11', '2020-12', '2021-01', '2021-02', '2021-03', '2021-04', '2021-05', '2021-06', '2021-07', '2021-08', '2021-09', '2021-10', '2021-11', '2022-01', '2022-02', '2022-03', '2022-04', '2022-05', '2022-06', '2022-07', '2022-08', '2022-09', '2022-10', '2022-11', '2022-12', '2023-02', '2023-03', '2023-08', '2023-10', '2023-11', '2024-01', '2024-07', '2024-08', '2024-09', '2024-10', '2024-11', '2025-01']"
bill,71.23269155983836,75,2017-02,131,47,"['2017-02', '2017-03', '2017-04', '2017-05', '2017-06', '2018-05', '2018-06', '2018-07', '2018-09', '2018-10', '2019-01', '2019-09', '2019-12', '2020-01', '2021-01', '2021-02', '2021-03', '2021-09', '2021-10', '2022-02', '2022-04', '2022-05', '2022-07', '2022-10', '2022-11', '2022-12', '2023-01', '2023-02', '2023-03', '2023-04', '2023-05', '2023-07', '2023-08', '2023-09', '2023-12', '2024-01', '2024-02', '2024-03', '2024-04', '2024-05', '2024-06', '2024-07', '2024-08', '2024-12', '2025-02', '2025-03', '2025-04']"
tenants rights,70.4148063408523,76,2020-06,153,47,"['2020-06', '2020-07', '2020-08', '2020-10', '2021-02', '2021-03', '2021-05', '2021-06', '2021-07', '2021-08', '2021-09', '2021-10', '2021-11', '2021-12', '2022-01', '2022-02', '2022-03', '2022-04', '2022-05', '2022-06', '2022-08', '2022-09', '2022-10', '2022-11', '2022-12', '2023-01', '2023-02', '2023-03', '2023-04', '2023-05', '2023-06', '2023-07', '2023-08', '2023-09', '2023-10', '2023-11', '2024-02', '2024-03', '2024-04', '2024-06', '2024-07', '2024-08', '2024-09', '2024-10', '2024-11', '2024-12', '2025-01']"
protest,70.124567259972,77,2017-03,125,53,"['2017-03', '2017-04', '2017-05', '2018-01', '2018-05', '2018-06', '2018-09', '2018-10', '2018-12', '2019-06', '2019-11', '2020-02', '2020-03', '2020-04', '2020-05', '2020-06', '2020-10', '2021-01', '2021-02', '2021-03', '2021-04', '2021-06', '2021-07', '2021-09', '2021-10', '2022-01', '2022-02', '2022-03', '2022-04', '2022-08', '2022-12', '2023-01', '2023-02', '2023-03', '2023-04', '2023-05', '2023-06', '2023-07', '2023-08', '2023-09', '2023-11', '2024-01', '2024-02', '2024-03', '2024-05', '2024-06', '2024-07', '2024-08', '2024-10', '2024-11', '2024-12', '2025-01', '2025-02']"
immigrants,70.04664624663282,78,2017-05,240,49,"['2017-05', '2019-06', '2020-06', '2020-07', '2020-08', '2020-09', '2020-10', '2020-11', '2020-12', '2021-01', '2021-02', '2021-03', '2021-04', '2021-05', '2021-06', '2021-07', '2021-08', '2021-10', '2021-11', '2021-12', '2022-01', '2022-02', '2022-03', '2022-04', '2022-05', '2022-06', '2022-10', '2022-11', '2022-12', '2023-01', '2023-02', '2023-03', '2023-05', '2023-06', '2023-07', '2023-10', '2023-12', '2024-01', '2024-03', '2024-04', '2024-05', '2024-06', '2024-09', '2024-10', '2024-11', '2025-01', '2025-02', '2025-03', '2025-04']"
homeless shelter,69.56873900717949,79,2017-05,253,49,"['2017-05', '2017-08', '2017-12', '2018-01', '2018-03', '2018-04', '2018-05', '2018-06', '2018-09', '2018-10', '2018-11', '2018-12', '2019-10', '2019-11', '2020-01', '2020-04', '2020-06', '2020-08', '2020-10', '2021-01', '2021-03', '2021-04', '2021-05', '2021-09', '2021-10', '2021-11', '2022-02', '2022-03', '2022-08', '2022-09', '2022-10', '2023-02', '2023-03', '2023-05', '2023-09', '2024-01', '2024-02', '2024-03', '2024-04', '2024-05', '2024-06', '2024-07', '2024-08', '2024-09', '2024-10', '2024-11', '2024-12', '2025-02', '2025-03']"
would,68.55227915328257,80,2017-02,228,37,"['2017-02', '2017-03', '2018-09', '2018-10', '2020-07', '2020-09', '2021-04', '2021-09', '2021-10', '2021-12', '2022-01', '2022-02', '2022-03', '2022-04', '2022-06', '2022-11', '2023-01', '2023-02', '2023-03', '2023-04', '2023-05', '2023-06', '2023-07', '2023-12', '2024-01', '2024-02', '2024-03', '2024-04', '2024-06', '2024-07', '2024-08', '2024-09', '2024-10', '2024-11', '2024-12', '2025-01', '2025-04']"
plan,67.56982167466188,81,2017-06,122,43,"['2017-06', '2017-10', '2019-06', '2020-05', '2020-06', '2020-11', '2021-01', '2021-02', '2021-03', '2021-04', '2021-05', '2021-06', '2021-07', '2021-08', '2021-09', '2021-12', '2022-04', '2022-05', '2022-06', '2022-08', '2022-09', '2022-10', '2022-11', '2022-12', '2023-02', '2023-03', '2023-04', '2023-05', '2023-06', '2023-08', '2023-09', '2023-10', '2023-11', '2023-12', '2024-01', '2024-02', '2024-03', '2024-04', '2024-05', '2024-07', '2024-08', '2024-09', '2024-10']"
control,67.42249452496307,82,2017-05,131,61,"['2017-05', '2017-11', '2018-04', '2018-11', '2019-01', '2019-02', '2019-03', '2019-04', '2019-05', '2019-06', '2019-10', '2019-12', '2020-01', '2020-02', '2020-03', '2020-07', '2020-08', '2020-10', '2020-11', '2021-01', '2021-03', '2021-04', '2021-05', '2021-06', '2021-07', '2021-09', '2021-10', '2022-01', '2022-02', '2022-03', '2022-04', '2022-05', '2022-06', '2022-07', '2022-08', '2022-09', '2022-10', '2022-11', '2022-12', '2023-01', '2023-02', '2023-03', '2023-04', '2023-05', '2023-06', '2023-07', '2023-08', '2023-09', '2023-10', '2023-11', '2023-12', '2024-01', '2024-02', '2024-04', '2024-05', '2024-08', '2024-09', '2024-10', '2024-11', '2025-01', '2025-02']"
uc,67.04919039518595,83,2021-07,121,17,"['2021-07', '2022-02', '2022-04', '2022-07', '2022-08', '2022-09', '2022-10', '2022-11', '2022-12', '2023-02', '2023-03', '2023-04', '2023-05', '2023-12', '2024-02', '2024-03', '2024-09']"
better,66.20939300489329,84,2017-05,134,48,"['2017-05', '2018-01', '2018-07', '2020-05', '2020-06', '2020-10', '2020-11', '2020-12', '2021-01', '2021-02', '2021-03', '2021-04', '2021-05', '2021-07', '2021-10', '2021-11', '2021-12', '2022-01', '2022-03', '2022-04', '2022-05', '2022-08', '2022-09', '2022-10', '2022-11', '2022-12', '2023-01', '2023-02', '2023-03', '2023-04', '2023-05', '2023-06', '2023-07', '2023-08', '2023-09', '2023-10', '2023-11', '2023-12', '2024-02', '2024-04', '2024-05', '2024-06', '2024-08', '2024-09', '2024-10', '2024-12', '2025-02', '2025-04']"
gaza,65.90282789185306,85,2022-01,147,18,"['2022-01', '2023-10', '2023-11', '2023-12', '2024-01', '2024-02', '2024-03', '2024-04', '2024-05', '2024-06', '2024-07', '2024-08', '2024-09', '2024-10', '2024-11', '2024-12', '2025-01', '2025-02']"
march,65.87349557291344,86,2017-05,170,47,"['2017-05', '2017-12', '2018-01', '2021-01', '2021-02', '2021-03', '2021-05', '2021-06', '2021-07', '2021-08', '2021-09', '2021-11', '2021-12', '2022-01', '2022-02', '2022-03', '2022-04', '2022-05', '2022-06', '2022-07', '2022-09', '2022-10', '2022-11', '2022-12', '2023-01', '2023-02', '2023-03', '2023-04', '2023-05', '2023-06', '2023-07', '2023-08', '2023-09', '2023-10', '2023-12', '2024-01', '2024-02', '2024-03', '2024-04', '2024-05', '2024-06', '2024-07', '2024-08', '2024-09', '2024-11', '2025-01', '2025-04']"
ending,64.42920267180816,87,2020-07,166,41,"['2020-07', '2020-08', '2020-11', '2021-02', '2021-04', '2021-05', '2021-07', '2021-10', '2021-11', '2021-12', '2022-01', '2022-03', '2022-05', '2022-06', '2022-07', '2022-08', '2022-09', '2022-10', '2022-12', '2023-01', '2023-02', '2023-03', '2023-08', '2023-09', '2023-10', '2023-11', '2023-12', '2024-01', '2024-02', '2024-03', '2024-04', '2024-05', '2024-06', '2024-08', '2024-09', '2024-10', '2024-11', '2024-12', '2025-01', '2025-02', '2025-04']"
safe,63.7843312308384,88,2020-07,144,33,"['2020-07', '2020-09', '2020-11', '2021-01', '2021-02', '2021-03', '2021-04', '2021-06', '2021-09', '2021-11', '2021-12', '2022-01', '2022-02', '2022-03', '2022-04', '2022-05', '2022-06', '2022-09', '2022-10', '2022-12', '2023-01', '2023-02', '2023-03', '2023-04', '2023-05', '2023-06', '2023-10', '2023-11', '2024-01', '2024-04', '2024-06', '2024-08', '2024-11']"
climate,62.95597509456822,89,2017-04,142,39,"['2017-04', '2020-10', '2021-01', '2021-07', '2021-08', '2021-09', '2021-10', '2021-11', '2021-12', '2022-01', '2022-02', '2022-03', '2022-04', '2022-05', '2022-06', '2022-07', '2022-08', '2022-09', '2022-10', '2022-11', '2022-12', '2023-01', '2023-02', '2023-03', '2023-04', '2023-05', '2023-07', '2023-09', '2023-10', '2023-11', '2023-12', '2024-02', '2024-04', '2024-06', '2024-09', '2024-10', '2024-11', '2025-01', '2025-02']"
income,62.57162065771638,90,2018-05,175,31,"['2018-05', '2018-06', '2019-12', '2020-03', '2020-09', '2020-10', '2021-01', '2021-06', '2021-11', '2021-12', '2022-02', '2022-03', '2022-04', '2022-09', '2022-10', '2022-12', '2023-01', '2023-02', '2023-03', '2023-04', '2023-05', '2023-08', '2023-10', '2023-11', '2023-12', '2024-01', '2024-02', '2024-03', '2024-05', '2024-11', '2024-12']"
higher,62.26643041787971,91,2020-10,148,36,"['2020-10', '2021-02', '2021-05', '2021-07', '2021-12', '2022-02', '2022-03', '2022-04', '2022-05', '2022-07', '2022-08', '2022-09', '2022-10', '2022-11', '2022-12', '2023-01', '2023-02', '2023-03', '2023-04', '2023-05', '2023-06', '2023-07', '2023-08', '2023-09', '2023-10', '2023-11', '2023-12', '2024-01', '2024-02', '2024-03', '2024-04', '2024-05', '2024-06', '2024-07', '2024-09', '2024-10']"
peoples,61.42872107469129,92,2020-06,240,32,"['2020-06', '2020-07', '2020-08', '2020-09', '2020-10', '2020-11', '2020-12', '2021-01', '2021-03', '2021-04', '2021-05', '2021-06', '2021-08', '2021-09', '2021-12', '2022-04', '2022-05', '2022-10', '2023-01', '2023-02', '2023-04', '2023-05', '2023-07', '2023-08', '2023-10', '2023-11', '2023-12', '2024-01', '2024-03', '2024-04', '2024-07', '2025-01']"
eviction moratorium,60.74504671749037,93,2020-05,141,29,"['2020-05', '2020-06', '2020-07', '2020-08', '2020-09', '2020-10', '2020-11', '2020-12', '2021-01', '2021-02', '2021-03', '2021-04', '2021-05', '2021-06', '2021-07', '2021-08', '2021-09', '2021-10', '2021-11', '2021-12', '2022-01', '2022-07', '2023-02', '2023-03', '2023-04', '2023-09', '2023-10', '2024-10', '2025-01']"
reform,59.72888493382754,94,2019-01,149,35,"['2019-01', '2019-07', '2020-02', '2020-06', '2020-07', '2020-08', '2020-09', '2020-10', '2020-11', '2020-12', '2021-01', '2021-02', '2021-03', '2021-04', '2021-05', '2021-09', '2021-10', '2021-12', '2022-03', '2022-05', '2022-06', '2022-08', '2022-12', '2023-02', '2023-03', '2023-04', '2023-05', '2023-06', '2023-07', '2024-01', '2024-03', '2024-05', '2024-08', '2025-01', '2025-02']"
brutality,59.23759308768674,95,2018-05,199,42,"['2018-05', '2020-05', '2020-06', '2020-07', '2020-08', '2020-09', '2020-10', '2020-11', '2020-12', '2021-05', '2021-06', '2021-07', '2021-08', '2021-09', '2021-10', '2022-03', '2022-05', '2022-06', '2022-07', '2022-08', '2022-09', '2022-10', '2022-12', '2023-01', '2023-02', '2023-03', '2023-04', '2023-05', '2023-06', '2023-07', '2023-08', '2023-09', '2023-10', '2024-02', '2024-03', '2024-08', '2024-09', '2024-10', '2024-11', '2024-12', '2025-01', '2025-03']"
police brutality,58.98315487155333,96,2018-05,199,42,"['2018-05', '2020-05', '2020-06', '2020-07', '2020-08', '2020-09', '2020-10', '2020-11', '2020-12', '2021-05', '2021-06', '2021-07', '2021-08', '2021-09', '2021-10', '2022-03', '2022-05', '2022-06', '2022-07', '2022-08', '2022-09', '2022-10', '2022-12', '2023-01', '2023-02', '2023-03', '2023-04', '2023-05', '2023-06', '2023-07', '2023-08', '2023-09', '2023-10', '2024-02', '2024-03', '2024-08', '2024-09', '2024-10', '2024-11', '2024-12', '2025-01', '2025-03']"
peoples rights,58.97031758765568,97,2020-06,233,27,"['2020-06', '2020-07', '2020-08', '2020-09', '2020-10', '2020-11', '2020-12', '2021-01', '2021-03', '2021-04', '2021-05', '2021-08', '2021-09', '2022-04', '2022-05', '2023-01', '2023-02', '2023-04', '2023-05', '2023-07', '2023-08', '2023-10', '2023-11', '2023-12', '2024-01', '2024-03', '2025-01']"
federal,58.96559078449639,98,2017-05,127,36,"['2017-05', '2017-07', '2020-07', '2020-08', '2020-09', '2020-10', '2021-01', '2021-02', '2021-03', '2021-05', '2021-06', '2021-07', '2021-08', '2021-09', '2021-10', '2021-11', '2021-12', '2022-01', '2022-06', '2022-08', '2022-11', '2022-12', '2023-01', '2023-03', '2023-04', '2023-05', '2023-06', '2023-09', '2023-11', '2024-09', '2024-10', '2024-11', '2025-01', '2025-02', '2025-03', '2025-04']"
housing unhoused,58.81846762645715,99,2020-12,203,17,"['2020-12', '2021-02', '2021-08', '2021-10', '2022-01', '2022-09', '2022-10', '2022-11', '2022-12', '2023-01', '2023-02', '2023-03', '2023-04', '2023-06', '2024-06', '2024-11', '2025-01']"
housing unhoused people,57.036920071617246,100,2020-12,197,16,"['2020-12', '2021-02', '2021-10', '2022-01', '2022-09', '2022-10', '2022-11', '2022-12', '2023-01', '2023-02', '2023-03', '2023-04', '2023-06', '2024-06', '2024-11', '2025-01']"
student,55.82825301589413,101,2017-07,131,35,"['2017-07', '2021-01', '2021-03', '2021-05', '2021-06', '2021-10', '2021-11', '2021-12', '2022-02', '2022-04', '2022-06', '2022-08', '2022-10', '2022-11', '2023-01', '2023-02', '2023-03', '2023-04', '2023-05', '2023-06', '2023-07', '2023-08', '2023-10', '2023-11', '2023-12', '2024-01', '2024-02', '2024-03', '2024-04', '2024-05', '2024-08', '2024-10', '2024-11', '2025-01', '2025-03']"
family,55.79924620796496,102,2018-07,122,34,"['2018-07', '2020-12', '2021-04', '2021-05', '2021-06', '2021-07', '2021-10', '2021-11', '2021-12', '2022-01', '2022-02', '2022-03', '2022-04', '2022-05', '2022-08', '2022-09', '2022-10', '2022-12', '2023-01', '2023-02', '2023-03', '2023-05', '2023-06', '2023-10', '2024-03', '2024-05', '2024-07', '2024-08', '2024-09', '2024-10', '2024-11', '2025-01', '2025-02', '2025-03']"
services housing,55.62256452399215,103,2021-02,191,13,"['2021-02', '2021-12', '2022-10', '2022-11', '2022-12', '2023-01', '2023-02', '2023-03', '2023-04', '2023-05', '2023-06', '2024-04', '2025-01']"
defunding,55.420252426903595,104,2020-06,186,33,"['2020-06', '2020-07', '2020-08', '2020-09', '2020-10', '2020-11', '2020-12', '2021-01', '2021-04', '2021-05', '2021-06', '2021-08', '2021-09', '2021-10', '2021-11', '2021-12', '2022-03', '2022-06', '2022-07', '2022-08', '2022-09', '2022-10', '2022-11', '2022-12', '2023-03', '2023-05', '2023-12', '2024-03', '2024-04', '2024-05', '2024-06', '2024-07', '2025-02']"
genocide,54.82336897383104,105,2021-06,135,19,"['2021-06', '2022-04', '2023-10', '2023-11', '2023-12', '2024-01', '2024-02', '2024-03', '2024-04', '2024-05', '2024-06', '2024-07', '2024-08', '2024-09', '2024-10', '2024-11', '2024-12', '2025-01', '2025-02']"
community building,54.25090627346533,106,2022-10,187,9,"['2022-10', '2022-11', '2022-12', '2023-01', '2023-02', '2023-03', '2023-04', '2024-11', '2025-01']"
services housing unhoused,53.737643928364484,107,2022-10,185,7,"['2022-10', '2022-11', '2022-12', '2023-01', '2023-02', '2023-03', '2023-04']"
people community,53.687421445795856,108,2022-10,185,8,"['2022-10', '2022-11', '2022-12', '2023-01', '2023-02', '2023-03', '2023-04', '2025-01']"
unhoused people community,53.687421445795856,109,2022-10,185,8,"['2022-10', '2022-11', '2022-12', '2023-01', '2023-02', '2023-03', '2023-04', '2025-01']"
health care,53.58073545409518,110,2017-05,133,37,"['2017-05', '2018-05', '2020-07', '2021-03', '2021-04', '2021-06', '2021-07', '2021-09', '2021-10', '2021-12', '2022-04', '2022-05', '2022-06', '2022-08', '2022-09', '2022-10', '2022-12', '2023-01', '2023-02', '2023-03', '2023-04', '2023-05', '2023-06', '2023-07', '2023-08', '2023-11', '2024-01', '2024-04', '2024-05', '2024-06', '2024-07', '2024-08', '2024-09', '2024-10', '2024-11', '2025-01', '2025-04']"
people community building,53.43113241863557,111,2022-10,184,7,"['2022-10', '2022-11', '2022-12', '2023-01', '2023-02', '2023-03', '2023-04']"
healthcare,53.40248830208606,112,2017-05,148,41,"['2017-05', '2020-06', '2020-08', '2020-09', '2020-10', '2020-11', '2020-12', '2021-01', '2021-02', '2021-03', '2021-04', '2021-05', '2021-06', '2021-07', '2021-09', '2021-11', '2021-12', '2022-03', '2022-04', '2022-05', '2022-06', '2022-09', '2022-10', '2023-01', '2023-02', '2023-03', '2023-04', '2023-05', '2023-12', '2024-01', '2024-02', '2024-03', '2024-04', '2024-05', '2024-07', '2024-08', '2024-10', '2025-01', '2025-02', '2025-03', '2025-04']"
cancelling,52.86199885063965,113,2020-06,132,17,"['2020-06', '2020-07', '2020-08', '2020-09', '2020-10', '2020-11', '2020-12', '2021-01', '2021-02', '2021-03', '2021-04', '2021-05', '2021-06', '2021-07', '2021-08', '2021-09', '2022-05']"
term,52.356254117374235,114,2018-06,201,19,"['2018-06', '2020-10', '2020-12', '2022-02', '2022-06', '2023-03', '2023-04', '2023-06', '2023-11', '2023-12', '2024-01', '2024-02', '2024-03', '2024-04', '2024-05', '2024-09', '2024-12', '2025-01', '2025-02']"
violence,51.31962653782459,115,2020-06,130,41,"['2020-06', '2020-07', '2020-08', '2020-09', '2020-10', '2020-11', '2021-01', '2021-03', '2021-04', '2021-05', '2021-06', '2021-09', '2021-10', '2021-12', '2022-01', '2022-04', '2022-05', '2022-06', '2022-07', '2022-08', '2022-09', '2022-12', '2023-01', '2023-02', '2023-03', '2023-04', '2023-05', '2023-06', '2023-07', '2023-09', '2023-11', '2024-01', '2024-02', '2024-03', '2024-04', '2024-06', '2024-09', '2024-10', '2024-11', '2025-01', '2025-02']"
spaces,51.31285621075855,116,2018-05,121,13,"['2018-05', '2022-06', '2022-08', '2023-01', '2023-02', '2023-03', '2023-04', '2023-05', '2024-03', '2024-04', '2024-07', '2024-08', '2025-01']"
defunding police,50.969163130194666,117,2020-06,172,32,"['2020-06', '2020-07', '2020-08', '2020-09', '2020-10', '2020-11', '2020-12', '2021-01', '2021-04', '2021-05', '2021-06', '2021-08', '2021-09', '2021-10', '2021-11', '2021-12', '2022-03', '2022-06', '2022-07', '2022-08', '2022-09', '2022-10', '2022-11', '2022-12', '2023-03', '2023-05', '2024-03', '2024-04', '2024-05', '2024-06', '2024-07', '2025-02']"
state legislation,50.90035323451025,118,2020-07,120,27,"['2020-07', '2020-12', '2021-03', '2021-04', '2021-06', '2022-03', '2022-04', '2022-05', '2022-09', '2022-11', '2022-12', '2023-01', '2023-02', '2023-03', '2023-04', '2023-05', '2023-06', '2023-07', '2023-08', '2023-09', '2023-10', '2023-11', '2024-01', '2024-02', '2024-03', '2024-04', '2024-10']"
aid,49.02033128826543,119,2020-11,228,28,"['2020-11', '2020-12', '2022-05', '2022-06', '2022-09', '2022-10', '2023-02', '2023-03', '2023-04', '2023-05', '2023-09', '2023-10', '2023-11', '2023-12', '2024-01', '2024-02', '2024-03', '2024-04', '2024-05', '2024-07', '2024-08', '2024-09', '2024-10', '2024-11', '2024-12', '2025-01', '2025-02', '2025-04']"
governor,47.82286623916293,120,2021-01,228,31,"['2021-01', '2021-03', '2021-04', '2021-06', '2021-08', '2022-01', '2022-02', '2022-03', '2022-04', '2022-06', '2022-07', '2022-08', '2022-09', '2022-10', '2022-12', '2023-01', '2023-02', '2023-03', '2023-04', '2023-05', '2023-11', '2023-12', '2024-01', '2024-02', '2024-03', '2024-04', '2024-05', '2024-08', '2024-09', '2024-11', '2025-03']"
lahaina,46.996223401901176,121,2023-11,182,7,"['2023-11', '2023-12', '2024-01', '2024-02', '2024-03', '2024-04', '2024-05']"
cancelling rent,46.78021548102435,122,2020-06,119,15,"['2020-06', '2020-07', '2020-08', '2020-09', '2020-10', '2020-11', '2020-12', '2021-01', '2021-02', '2021-03', '2021-04', '2021-05', '2021-06', '2021-08', '2021-09']"
indigenous,44.76914855427418,123,2020-08,137,25,"['2020-08', '2021-08', '2021-09', '2021-10', '2022-04', '2022-05', '2022-06', '2022-10', '2023-01', '2023-02', '2023-05', '2023-07', '2023-08', '2023-09', '2023-10', '2023-11', '2023-12', '2024-01', '2024-03', '2024-06', '2024-07', '2024-08', '2024-10', '2024-11', '2025-01']"
immigrants rights,43.72715779022583,124,2020-06,162,32,"['2020-06', '2020-07', '2020-08', '2020-09', '2020-10', '2020-11', '2020-12', '2021-01', '2021-03', '2021-04', '2021-05', '2021-06', '2021-07', '2021-10', '2022-03', '2022-04', '2022-05', '2022-06', '2022-11', '2023-02', '2023-05', '2023-06', '2023-07', '2023-10', '2023-12', '2024-01', '2024-05', '2024-06', '2024-09', '2024-10', '2024-11', '2025-01']"
indigenous peoples,39.68781771252652,125,2021-08,121,17,"['2021-08', '2021-09', '2022-04', '2022-05', '2022-10', '2023-01', '2023-02', '2023-05', '2023-07', '2023-08', '2023-10', '2023-11', '2023-12', '2024-01', '2024-03', '2024-07', '2025-01']"
foreclosures,39.166212856317706,126,2018-12,141,13,"['2018-12', '2020-06', '2020-07', '2020-08', '2020-09', '2020-10', '2020-11', '2020-12', '2021-01', '2021-02', '2021-06', '2022-04', '2023-12']"
indigenous peoples rights,38.80423149400877,127,2021-08,118,15,"['2021-08', '2021-09', '2022-04', '2022-05', '2023-01', '2023-02', '2023-05', '2023-07', '2023-08', '2023-10', '2023-11', '2023-12', '2024-01', '2024-03', '2025-01']"
green,37.98418796083195,128,2020-09,206,25,"['2020-09', '2020-10', '2020-11', '2021-01', '2021-04', '2021-07', '2021-09', '2021-10', '2021-12', '2022-04', '2022-07', '2023-01', '2023-02', '2023-03', '2023-06', '2023-10', '2023-11', '2023-12', '2024-01', '2024-02', '2024-03', '2024-04', '2024-05', '2024-09', '2024-10']"
evictions foreclosures,37.32610961220782,129,2018-12,138,11,"['2018-12', '2020-06', '2020-07', '2020-08', '2020-09', '2020-10', '2020-11', '2020-12', '2021-01', '2021-02', '2021-06']"
long,35.900399319526535,130,2018-05,202,21,"['2018-05', '2018-06', '2020-12', '2021-12', '2022-02', '2022-06', '2022-09', '2023-04', '2023-05', '2023-06', '2023-08', '2023-11', '2023-12', '2024-01', '2024-02', '2024-03', '2024-04', '2024-05', '2024-07', '2024-09', '2024-12']"
proposed homeless,32.60170888540898,131,2018-05,181,13,"['2018-05', '2018-10', '2020-08', '2022-03', '2024-03', '2024-05', '2024-06', '2024-07', '2024-08', '2024-09', '2024-10', '2024-11', '2024-12']"
racism police,32.345833323739505,132,2020-06,122,19,"['2020-06', '2020-07', '2020-08', '2020-09', '2020-10', '2020-11', '2020-12', '2021-01', '2021-04', '2021-05', '2022-01', '2022-07', '2023-01', '2023-02', '2023-06', '2023-07', '2024-09', '2024-11', '2025-01']"
rentals,32.152037979392645,133,2020-10,192,16,"['2020-10', '2021-05', '2023-03', '2023-04', '2023-11', '2023-12', '2024-01', '2024-02', '2024-03', '2024-04', '2024-05', '2024-06', '2024-09', '2024-12', '2025-01', '2025-02']"
convert,31.53085045386586,134,2021-06,188,15,"['2021-06', '2021-09', '2021-12', '2022-09', '2022-10', '2023-05', '2023-06', '2023-08', '2023-11', '2023-12', '2024-01', '2024-02', '2024-03', '2024-04', '2024-05']"
benefit,31.386194077147604,135,2023-05,179,8,"['2023-05', '2024-07', '2024-08', '2024-09', '2024-10', '2024-11', '2024-12', '2025-04']"
brooklyn,31.339811509186458,136,2021-03,178,12,"['2021-03', '2024-01', '2024-03', '2024-05', '2024-06', '2024-07', '2024-08', '2024-09', '2024-10', '2024-11', '2024-12', '2025-03']"
proposed homeless shelter,31.32074291517917,137,2018-05,179,11,"['2018-05', '2020-08', '2024-03', '2024-05', '2024-06', '2024-07', '2024-08', '2024-09', '2024-10', '2024-11', '2024-12']"
short,31.300000255694076,138,2020-10,192,16,"['2020-10', '2021-10', '2023-03', '2023-04', '2023-06', '2023-11', '2023-12', '2024-01', '2024-02', '2024-03', '2024-04', '2024-05', '2024-09', '2024-12', '2025-01', '2025-02']"
short term,30.796814711025412,139,2020-10,191,15,"['2020-10', '2023-03', '2023-04', '2023-06', '2023-11', '2023-12', '2024-01', '2024-02', '2024-03', '2024-04', '2024-05', '2024-09', '2024-12', '2025-01', '2025-02']"
developer,30.204166568265663,140,2022-03,175,9,"['2022-03', '2022-10', '2022-11', '2024-07', '2024-08', '2024-09', '2024-10', '2024-11', '2024-12']"
long term,30.011549722106718,141,2018-06,189,14,"['2018-06', '2020-12', '2022-02', '2022-06', '2023-04', '2023-06', '2023-11', '2023-12', '2024-01', '2024-02', '2024-03', '2024-04', '2024-05', '2024-12']"
term housing,29.884926738821555,142,2018-06,188,13,"['2018-06', '2020-10', '2020-12', '2023-06', '2023-11', '2023-12', '2024-01', '2024-02', '2024-03', '2024-04', '2024-05', '2024-12', '2025-02']"
solution,28.878075151326897,143,2020-01,172,8,"['2020-01', '2024-06', '2024-07', '2024-08', '2024-09', '2024-10', '2024-11', '2024-12']"
urgent,28.87412451942193,144,2021-01,184,11,"['2021-01', '2022-11', '2022-12', '2023-09', '2023-11', '2023-12', '2024-01', '2024-02', '2024-03', '2024-04', '2024-05']"
long term housing,28.208608764827485,145,2018-06,183,9,"['2018-06', '2020-12', '2023-11', '2023-12', '2024-01', '2024-02', '2024-03', '2024-04', '2024-05']"
homeless shelter brooklyn,28.137134855696488,146,2024-07,171,6,"['2024-07', '2024-08', '2024-09', '2024-10', '2024-11', '2024-12']"
shelter brooklyn,28.137134855696488,147,2024-07,171,6,"['2024-07', '2024-08', '2024-09', '2024-10', '2024-11', '2024-12']"
term rentals,28.075026686373242,148,2023-04,183,11,"['2023-04', '2023-11', '2023-12', '2024-01', '2024-02', '2024-03', '2024-04', '2024-05', '2024-09', '2025-01', '2025-02']"
short term rentals,28.075026686373242,149,2023-04,183,11,"['2023-04', '2023-11', '2023-12', '2024-01', '2024-02', '2024-03', '2024-04', '2024-05', '2024-09', '2025-01', '2025-02']"
developer would,27.807327745288188,150,2024-07,170,6,"['2024-07', '2024-08', '2024-09', '2024-10', '2024-11', '2024-12']"
developer would degrage,27.807327745288188,151,2024-07,170,6,"['2024-07', '2024-08', '2024-09', '2024-10', '2024-11', '2024-12']"
degrage,27.807327745288188,152,2024-07,170,6,"['2024-07', '2024-08', '2024-09', '2024-10', '2024-11', '2024-12']"
would benefit,27.807327745288188,153,2024-07,170,6,"['2024-07', '2024-08', '2024-09', '2024-10', '2024-11', '2024-12']"
benefit developer would,27.807327745288188,154,2024-07,170,6,"['2024-07', '2024-08', '2024-09', '2024-10', '2024-11', '2024-12']"
benefit developer,27.807327745288188,155,2024-07,170,6,"['2024-07', '2024-08', '2024-09', '2024-10', '2024-11', '2024-12']"
band aid solution,27.807327745288188,156,2024-07,170,6,"['2024-07', '2024-08', '2024-09', '2024-10', '2024-11', '2024-12']"
solution homlessness would,27.807327745288188,157,2024-07,170,6,"['2024-07', '2024-08', '2024-09', '2024-10', '2024-11', '2024-12']"
homlessness would,27.807327745288188,158,2024-07,170,6,"['2024-07', '2024-08', '2024-09', '2024-10', '2024-11', '2024-12']"
homlessness,27.807327745288188,159,2024-07,170,6,"['2024-07', '2024-08', '2024-09', '2024-10', '2024-11', '2024-12']"
solution homlessness,27.807327745288188,160,2024-07,170,6,"['2024-07', '2024-08', '2024-09', '2024-10', '2024-11', '2024-12']"
homlessness would benefit,27.807327745288188,161,2024-07,170,6,"['2024-07', '2024-08', '2024-09', '2024-10', '2024-11', '2024-12']"
shelter brooklyn band,27.807327745288188,162,2024-07,170,6,"['2024-07', '2024-08', '2024-09', '2024-10', '2024-11', '2024-12']"
degrage community,27.807327745288188,163,2024-07,170,6,"['2024-07', '2024-08', '2024-09', '2024-10', '2024-11', '2024-12']"
aid solution homlessness,27.807327745288188,164,2024-07,170,6,"['2024-07', '2024-08', '2024-09', '2024-10', '2024-11', '2024-12']"
aid solution,27.807327745288188,165,2024-07,170,6,"['2024-07', '2024-08', '2024-09', '2024-10', '2024-11', '2024-12']"
would degrage,27.807327745288188,166,2024-07,170,6,"['2024-07', '2024-08', '2024-09', '2024-10', '2024-11', '2024-12']"
would benefit developer,27.807327745288188,167,2024-07,170,6,"['2024-07', '2024-08', '2024-09', '2024-10', '2024-11', '2024-12']"
would degrage community,27.807327745288188,168,2024-07,170,6,"['2024-07', '2024-08', '2024-09', '2024-10', '2024-11', '2024-12']"
band aid,27.807327745288188,169,2024-07,170,6,"['2024-07', '2024-08', '2024-09', '2024-10', '2024-11', '2024-12']"
brooklyn band,27.807327745288188,170,2024-07,170,6,"['2024-07', '2024-08', '2024-09', '2024-10', '2024-11', '2024-12']"
band,27.807327745288188,171,2024-07,170,6,"['2024-07', '2024-08', '2024-09', '2024-10', '2024-11', '2024-12']"
brooklyn band aid,27.807327745288188,172,2024-07,170,6,"['2024-07', '2024-08', '2024-09', '2024-10', '2024-11', '2024-12']"
urgent action,27.410580649657042,173,2021-01,180,9,"['2021-01', '2022-12', '2023-11', '2023-12', '2024-01', '2024-02', '2024-03', '2024-04', '2024-05']"
housing lahaina,27.297926928438855,174,2023-11,180,7,"['2023-11', '2023-12', '2024-01', '2024-02', '2024-03', '2024-04', '2024-05']"
action mayor,27.03154450727962,175,2023-11,179,7,"['2023-11', '2023-12', '2024-01', '2024-02', '2024-03', '2024-04', '2024-05']"
term housing lahaina,26.85619916087222,176,2023-11,179,7,"['2023-11', '2023-12', '2024-01', '2024-02', '2024-03', '2024-04', '2024-05']"
rentals long,26.85619916087222,177,2023-11,179,7,"['2023-11', '2023-12', '2024-01', '2024-02', '2024-03', '2024-04', '2024-05']"
rentals long term,26.85619916087222,178,2023-11,179,7,"['2023-11', '2023-12', '2024-01', '2024-02', '2024-03', '2024-04', '2024-05']"
action mayor bissen,26.628575114084466,179,2023-11,178,7,"['2023-11', '2023-12', '2024-01', '2024-02', '2024-03', '2024-04', '2024-05']"
convert short,26.628575114084466,180,2023-11,178,7,"['2023-11', '2023-12', '2024-01', '2024-02', '2024-03', '2024-04', '2024-05']"
urgent action mayor,26.628575114084466,181,2023-11,178,7,"['2023-11', '2023-12', '2024-01', '2024-02', '2024-03', '2024-04', '2024-05']"
lahaina fishing,26.628575114084466,182,2023-11,178,7,"['2023-11', '2023-12', '2024-01', '2024-02', '2024-03', '2024-04', '2024-05']"
lahaina fishing lahaina,26.628575114084466,183,2023-11,178,7,"['2023-11', '2023-12', '2024-01', '2024-02', '2024-03', '2024-04', '2024-05']"
mayor bissen,26.628575114084466,184,2023-11,178,7,"['2023-11', '2023-12', '2024-01', '2024-02', '2024-03', '2024-04', '2024-05']"
convert short term,26.628575114084466,185,2023-11,178,7,"['2023-11', '2023-12', '2024-01', '2024-02', '2024-03', '2024-04', '2024-05']"
term rentals long,26.628575114084466,186,2023-11,178,7,"['2023-11', '2023-12', '2024-01', '2024-02', '2024-03', '2024-04', '2024-05']"
mayor bissen governor,26.628575114084466,187,2023-11,178,7,"['2023-11', '2023-12', '2024-01', '2024-02', '2024-03', '2024-04', '2024-05']"
housing lahaina fishing,26.628575114084466,188,2023-11,178,7,"['2023-11', '2023-12', '2024-01', '2024-02', '2024-03', '2024-04', '2024-05']"
governor green convert,26.628575114084466,189,2023-11,178,7,"['2023-11', '2023-12', '2024-01', '2024-02', '2024-03', '2024-04', '2024-05']"
bissen,26.628575114084466,190,2023-11,178,7,"['2023-11', '2023-12', '2024-01', '2024-02', '2024-03', '2024-04', '2024-05']"
green convert short,26.628575114084466,191,2023-11,178,7,"['2023-11', '2023-12', '2024-01', '2024-02', '2024-03', '2024-04', '2024-05']"
green convert,26.628575114084466,192,2023-11,178,7,"['2023-11', '2023-12', '2024-01', '2024-02', '2024-03', '2024-04', '2024-05']"
governor green,26.628575114084466,193,2023-11,178,7,"['2023-11', '2023-12', '2024-01', '2024-02', '2024-03', '2024-04', '2024-05']"
bissen governor green,26.628575114084466,194,2023-11,178,7,"['2023-11', '2023-12', '2024-01', '2024-02', '2024-03', '2024-04', '2024-05']"
fishing lahaina,26.628575114084466,195,2023-11,178,7,"['2023-11', '2023-12', '2024-01', '2024-02', '2024-03', '2024-04', '2024-05']"
fishing,26.628575114084466,196,2023-11,178,7,"['2023-11', '2023-12', '2024-01', '2024-02', '2024-03', '2024-04', '2024-05']"
bissen governor,26.628575114084466,197,2023-11,178,7,"['2023-11', '2023-12', '2024-01', '2024-02', '2024-03', '2024-04', '2024-05']"
